Input #0, mov,mp4,m4a,3gp,3g2,mj2, from 'artifacts/i-have-my-ways/exports/ReceiptNest_I-Have-My-Ways_ANIMATED-CUT.mp4':
  Metadata:
    major_brand     : isom
    minor_version   : 512
    compatible_brands: isomiso2avc1mp41
    encoder         : Lavf61.7.100
  Duration: 00:01:00.00, start: 0.000000, bitrate: 3472 kb/s
  Stream #0:0[0x1](und): Video: h264 (High) (avc1 / 0x31637661), yuv420p(progressive), 1280x720, 3212 kb/s, 24 fps, 24 tbr, 12288 tbn (default)
      Metadata:
        handler_name    : VideoHandler
        vendor_id       : [0][0][0][0]
        encoder         : Lavc61.19.100 libx264
  Stream #0:1[0x2](und): Audio: aac (LC) (mp4a / 0x6134706D), 48000 Hz, stereo, fltp, 254 kb/s (default)
      Metadata:
        handler_name    : SoundHandler
        vendor_id       : [0][0][0][0]
Stream mapping:
  Stream #0:0 -> #0:0 (h264 (native) -> wrapped_avframe (native))
  Stream #0:1 -> #0:1 (aac (native) -> pcm_s16le (native))
Press [q] to stop, [?] for help
[Parsed_ebur128_0 @ 0x142616440] t: 0.0999792  TARGET:-23 LUFS    M:-120.7 S:-120.7     I: -70.0 LUFS       LRA:   0.0 LU  FTPK: -30.4 -30.3 dBFS  TPK: -30.4 -30.3 dBFS
[Parsed_ebur128_0 @ 0x142616440] t: 0.199979   TARGET:-23 LUFS    M:-120.7 S:-120.7     I: -70.0 LUFS       LRA:   0.0 LU  FTPK: -28.2 -28.2 dBFS  TPK: -28.2 -28.2 dBFS
[Parsed_ebur128_0 @ 0x142616440] t: 0.299979   TARGET:-23 LUFS    M:-120.7 S:-120.7     I: -70.0 LUFS       LRA:   0.0 LU  FTPK:  -3.5  -3.5 dBFS  TPK:  -3.5  -3.5 dBFS
[Parsed_ebur128_0 @ 0x142616440] t: 0.399979   TARGET:-23 LUFS    M: -15.7 S:-120.7     I: -15.7 LUFS       LRA:   0.0 LU  FTPK:  -3.6  -3.6 dBFS  TPK:  -3.5  -3.5 dBFS
[Parsed_ebur128_0 @ 0x142616440] t: 0.499979   TARGET:-23 LUFS    M: -15.6 S:-120.7     I: -15.6 LUFS       LRA:   0.0 LU  FTPK: -14.1 -14.1 dBFS  TPK:  -3.5  -3.5 dBFS
[Parsed_ebur128_0 @ 0x142616440] t: 0.599979   TARGET:-23 LUFS    M: -15.4 S:-120.7     I: -15.6 LUFS       LRA:   0.0 LU  FTPK: -13.4 -13.4 dBFS  TPK:  -3.5  -3.5 dBFS
[Parsed_ebur128_0 @ 0x142616440] t: 0.699979   TARGET:-23 LUFS    M: -18.5 S:-120.7     I: -16.1 LUFS       LRA:   0.0 LU  FTPK: -16.9 -16.9 dBFS  TPK:  -3.5  -3.5 dBFS
Output #0, null, to 'pipe:':
  Metadata:
    major_brand     : isom
    minor_version   : 512
    compatible_brands: isomiso2avc1mp41
    encoder         : Lavf61.7.100
  Stream #0:0(und): Video: wrapped_avframe, yuv420p(progressive), 1280x720, q=2-31, 200 kb/s, 24 fps, 24 tbn (default)
      Metadata:
        handler_name    : VideoHandler
        vendor_id       : [0][0][0][0]
        encoder         : Lavc61.19.100 wrapped_avframe
  Stream #0:1(und): Audio: pcm_s16le, 48000 Hz, stereo, s16, 1536 kb/s (default)
      Metadata:
        handler_name    : SoundHandler
        vendor_id       : [0][0][0][0]
        encoder         : Lavc61.19.100 pcm_s16le
[Parsed_ebur128_0 @ 0x142616440] t: 0.799979   TARGET:-23 LUFS    M: -23.0 S:-120.7     I: -16.9 LUFS       LRA:   0.0 LU  FTPK: -14.2 -14.3 dBFS  TPK:  -3.5  -3.5 dBFS
[Parsed_ebur128_0 @ 0x142616440] t: 0.899979   TARGET:-23 LUFS    M: -22.9 S:-120.7     I: -17.5 LUFS       LRA:   0.0 LU  FTPK: -17.3 -17.2 dBFS  TPK:  -3.5  -3.5 dBFS
[Parsed_ebur128_0 @ 0x142616440] t: 0.999979   TARGET:-23 LUFS    M: -23.6 S:-120.7     I: -18.0 LUFS       LRA:   0.0 LU  FTPK: -20.9 -20.9 dBFS  TPK:  -3.5  -3.5 dBFS
[Parsed_ebur128_0 @ 0x142616440] t: 1.099979   TARGET:-23 LUFS    M: -24.4 S:-120.7     I: -18.4 LUFS       LRA:   0.0 LU  FTPK: -20.7 -20.3 dBFS  TPK:  -3.5  -3.5 dBFS
[Parsed_ebur128_0 @ 0x142616440] t: 1.199979   TARGET:-23 LUFS    M: -27.7 S:-120.7     I: -18.9 LUFS       LRA:   0.0 LU  FTPK: -21.7 -21.6 dBFS  TPK:  -3.5  -3.5 dBFS
[Parsed_ebur128_0 @ 0x142616440] t: 1.299979   TARGET:-23 LUFS    M: -29.4 S:-120.7     I: -18.9 LUFS       LRA:   0.0 LU  FTPK: -24.5 -23.9 dBFS  TPK:  -3.5  -3.5 dBFS
[Parsed_ebur128_0 @ 0x142616440] t: 1.399979   TARGET:-23 LUFS    M: -26.3 S:-120.7     I: -19.6 LUFS       LRA:   0.0 LU  FTPK: -15.2 -15.1 dBFS  TPK:  -3.5  -3.5 dBFS
[Parsed_ebur128_0 @ 0x142616440] t: 1.499979   TARGET:-23 LUFS    M: -20.1 S:-120.7     I: -19.6 LUFS       LRA:   0.0 LU  FTPK:  -8.8  -8.8 dBFS  TPK:  -3.5  -3.5 dBFS
[Parsed_ebur128_0 @ 0x142616440] t: 1.599979   TARGET:-23 LUFS    M: -15.0 S:-120.7     I: -18.7 LUFS       LRA:   0.0 LU  FTPK:  -4.6  -4.6 dBFS  TPK:  -3.5  -3.5 dBFS
[Parsed_ebur128_0 @ 0x142616440] t: 1.699979   TARGET:-23 LUFS    M: -14.5 S:-120.7     I: -18.2 LUFS       LRA:   0.0 LU  FTPK:  -9.9  -9.9 dBFS  TPK:  -3.5  -3.5 dBFS
[Parsed_ebur128_0 @ 0x142616440] t: 1.799979   TARGET:-23 LUFS    M: -13.6 S:-120.7     I: -17.7 LUFS       LRA:   0.0 LU  FTPK:  -4.3  -4.3 dBFS  TPK:  -3.5  -3.5 dBFS
[Parsed_ebur128_0 @ 0x142616440] t: 1.899979   TARGET:-23 LUFS    M: -13.2 S:-120.7     I: -16.9 LUFS       LRA:   0.0 LU  FTPK:  -6.3  -6.3 dBFS  TPK:  -3.5  -3.5 dBFS
[Parsed_ebur128_0 @ 0x142616440] t: 1.999979   TARGET:-23 LUFS    M: -14.4 S:-120.7     I: -16.7 LUFS       LRA:   0.0 LU  FTPK:  -8.9  -8.9 dBFS  TPK:  -3.5  -3.5 dBFS
[Parsed_ebur128_0 @ 0x142616440] t: 2.099979   TARGET:-23 LUFS    M: -14.1 S:-120.7     I: -16.5 LUFS       LRA:   0.0 LU  FTPK: -11.3 -11.3 dBFS  TPK:  -3.5  -3.5 dBFS
[Parsed_ebur128_0 @ 0x142616440] t: 2.199979   TARGET:-23 LUFS    M: -14.4 S:-120.7     I: -16.3 LUFS       LRA:   0.0 LU  FTPK:  -7.6  -7.6 dBFS  TPK:  -3.5  -3.5 dBFS
[Parsed_ebur128_0 @ 0x142616440] t: 2.299979   TARGET:-23 LUFS    M: -15.9 S:-120.7     I: -16.3 LUFS       LRA:   0.0 LU  FTPK: -15.1 -15.0 dBFS  TPK:  -3.5  -3.5 dBFS
[Parsed_ebur128_0 @ 0x142616440] t: 2.399979   TARGET:-23 LUFS    M: -17.5 S:-120.7     I: -16.3 LUFS       LRA:   0.0 LU  FTPK:  -8.0  -8.0 dBFS  TPK:  -3.5  -3.5 dBFS
[Parsed_ebur128_0 @ 0x142616440] t: 2.499979   TARGET:-23 LUFS    M: -17.7 S:-120.7     I: -16.4 LUFS       LRA:   0.0 LU  FTPK: -10.9 -10.9 dBFS  TPK:  -3.5  -3.5 dBFS
[Parsed_ebur128_0 @ 0x142616440] t: 2.599979   TARGET:-23 LUFS    M: -18.2 S:-120.7     I: -16.5 LUFS       LRA:   0.0 LU  FTPK: -10.6 -10.6 dBFS  TPK:  -3.5  -3.5 dBFS
[Parsed_ebur128_0 @ 0x142616440] t: 2.699979   TARGET:-23 LUFS    M: -17.7 S:-120.7     I: -16.5 LUFS       LRA:   0.0 LU  FTPK: -12.8 -12.8 dBFS  TPK:  -3.5  -3.5 dBFS
[Parsed_ebur128_0 @ 0x142616440] t: 2.799979   TARGET:-23 LUFS    M: -17.6 S:-120.7     I: -16.6 LUFS       LRA:   0.0 LU  FTPK:  -8.1  -8.0 dBFS  TPK:  -3.5  -3.5 dBFS
[Parsed_ebur128_0 @ 0x142616440] t: 2.899979   TARGET:-23 LUFS    M: -19.0 S:-120.7     I: -16.6 LUFS       LRA:   0.0 LU  FTPK: -13.6 -13.5 dBFS  TPK:  -3.5  -3.5 dBFS
[Parsed_ebur128_0 @ 0x142616440] t: 2.999979   TARGET:-23 LUFS    M: -17.6 S: -17.0     I: -16.7 LUFS       LRA:  20.0 LU  FTPK:  -5.5  -5.5 dBFS  TPK:  -3.5  -3.5 dBFS
[Parsed_ebur128_0 @ 0x142616440] t: 3.099979   TARGET:-23 LUFS    M: -16.4 S: -16.8     I: -16.7 LUFS       LRA:  20.1 LU  FTPK:  -7.9  -7.9 dBFS  TPK:  -3.5  -3.5 dBFS
[Parsed_ebur128_0 @ 0x142616440] t: 3.199979   TARGET:-23 LUFS    M: -16.2 S: -16.7     I: -16.6 LUFS       LRA:  20.2 LU  FTPK: -10.6 -10.6 dBFS  TPK:  -3.5  -3.5 dBFS
[Parsed_ebur128_0 @ 0x142616440] t: 3.299979   TARGET:-23 LUFS    M: -16.1 S: -17.1     I: -16.6 LUFS       LRA:  20.2 LU  FTPK: -14.3 -14.3 dBFS  TPK:  -3.5  -3.5 dBFS
[Parsed_ebur128_0 @ 0x142616440] t: 3.399979   TARGET:-23 LUFS    M: -17.5 S: -17.3     I: -16.7 LUFS       LRA:   0.6 LU  FTPK: -13.0 -13.1 dBFS  TPK:  -3.5  -3.5 dBFS
[Parsed_ebur128_0 @ 0x142616440] t: 3.499979   TARGET:-23 LUFS    M: -19.4 S: -17.3     I: -16.7 LUFS       LRA:   0.6 LU  FTPK: -14.5 -14.6 dBFS  TPK:  -3.5  -3.5 dBFS
[Parsed_ebur128_0 @ 0x142616440] t: 3.599979   TARGET:-23 LUFS    M: -21.6 S: -17.3     I: -16.8 LUFS       LRA:   0.6 LU  FTPK: -23.0 -23.4 dBFS  TPK:  -3.5  -3.5 dBFS
[Parsed_ebur128_0 @ 0x142616440] t: 3.699979   TARGET:-23 LUFS    M: -22.9 S: -17.3     I: -16.9 LUFS       LRA:   0.7 LU  FTPK: -21.8 -21.8 dBFS  TPK:  -3.5  -3.5 dBFS
[Parsed_ebur128_0 @ 0x142616440] t: 3.799979   TARGET:-23 LUFS    M: -26.3 S: -17.4     I: -17.0 LUFS       LRA:   0.7 LU  FTPK: -23.6 -23.2 dBFS  TPK:  -3.5  -3.5 dBFS
[Parsed_ebur128_0 @ 0x142616440] t: 3.899979   TARGET:-23 LUFS    M: -27.8 S: -17.4     I: -17.0 LUFS       LRA:   0.7 LU  FTPK: -15.9 -16.0 dBFS  TPK:  -3.5  -3.5 dBFS
[Parsed_ebur128_0 @ 0x142616440] t: 3.999979   TARGET:-23 LUFS    M: -25.7 S: -17.4     I: -17.2 LUFS       LRA:   0.6 LU  FTPK: -16.5 -16.6 dBFS  TPK:  -3.5  -3.5 dBFS
[Parsed_ebur128_0 @ 0x142616440] t: 4.099979   TARGET:-23 LUFS    M: -21.4 S: -17.2     I: -17.2 LUFS       LRA:   0.6 LU  FTPK:  -8.4  -8.4 dBFS  TPK:  -3.5  -3.5 dBFS
[Parsed_ebur128_0 @ 0x142616440] t: 4.199979   TARGET:-23 LUFS    M: -20.4 S: -17.2     I: -17.3 LUFS       LRA:   0.6 LU  FTPK: -10.4 -10.4 dBFS  TPK:  -3.5  -3.5 dBFS
[Parsed_ebur128_0 @ 0x142616440] t: 4.299979   TARGET:-23 LUFS    M: -17.2 S: -16.9     I: -17.3 LUFS       LRA:   0.6 LU  FTPK:  -7.0  -7.0 dBFS  TPK:  -3.5  -3.5 dBFS
[Parsed_ebur128_0 @ 0x142616440] t: 4.399979   TARGET:-23 LUFS    M: -16.4 S: -16.8     I: -17.3 LUFS       LRA:   0.6 LU  FTPK:  -6.1  -6.1 dBFS  TPK:  -3.5  -3.5 dBFS
[Parsed_ebur128_0 @ 0x142616440] t: 4.499979   TARGET:-23 LUFS    M: -16.1 S: -16.8     I: -17.2 LUFS       LRA:   0.6 LU  FTPK: -10.0 -10.0 dBFS  TPK:  -3.5  -3.5 dBFS
[Parsed_ebur128_0 @ 0x142616440] t: 4.599979   TARGET:-23 LUFS    M: -14.8 S: -17.1     I: -17.1 LUFS       LRA:   0.6 LU  FTPK:  -5.6  -5.7 dBFS  TPK:  -3.5  -3.5 dBFS
[Parsed_ebur128_0 @ 0x142616440] t: 4.699979   TARGET:-23 LUFS    M: -15.4 S: -17.1     I: -17.1 LUFS       LRA:   0.6 LU  FTPK:  -6.6  -6.6 dBFS  TPK:  -3.5  -3.5 dBFS
[Parsed_ebur128_0 @ 0x142616440] t: 4.799979   TARGET:-23 LUFS    M: -15.6 S: -17.2     I: -17.1 LUFS       LRA:   0.6 LU  FTPK:  -8.1  -8.2 dBFS  TPK:  -3.5  -3.5 dBFS
[Parsed_ebur128_0 @ 0x142616440] t: 4.899979   TARGET:-23 LUFS    M: -15.7 S: -17.4     I: -17.0 LUFS       LRA:   0.6 LU  FTPK: -11.9 -12.0 dBFS  TPK:  -3.5  -3.5 dBFS
[Parsed_ebur128_0 @ 0x142616440] t: 4.999979   TARGET:-23 LUFS    M: -16.0 S: -17.5     I: -17.0 LUFS       LRA:   0.7 LU  FTPK:  -5.9  -5.9 dBFS  TPK:  -3.5  -3.5 dBFS
[Parsed_ebur128_0 @ 0x142616440] t: 5.099979   TARGET:-23 LUFS    M: -15.0 S: -17.3     I: -16.9 LUFS       LRA:   0.7 LU  FTPK:  -3.7  -3.7 dBFS  TPK:  -3.5  -3.5 dBFS
[Parsed_ebur128_0 @ 0x142616440] t: 5.199979   TARGET:-23 LUFS    M: -15.4 S: -17.5     I: -16.9 LUFS       LRA:   0.7 LU  FTPK: -10.1 -10.1 dBFS  TPK:  -3.5  -3.5 dBFS
[Parsed_ebur128_0 @ 0x142616440] t: 5.299979   TARGET:-23 LUFS    M: -15.5 S: -17.3     I: -16.9 LUFS       LRA:   0.7 LU  FTPK:  -8.2  -8.2 dBFS  TPK:  -3.5  -3.5 dBFS
[Parsed_ebur128_0 @ 0x142616440] t: 5.399979   TARGET:-23 LUFS    M: -16.9 S: -17.4     I: -16.9 LUFS       LRA:   0.7 LU  FTPK: -14.1 -14.0 dBFS  TPK:  -3.5  -3.5 dBFS
[Parsed_ebur128_0 @ 0x142616440] t: 5.499979   TARGET:-23 LUFS    M: -20.9 S: -17.6     I: -16.9 LUFS       LRA:   0.7 LU  FTPK: -22.3 -22.1 dBFS  TPK:  -3.5  -3.5 dBFS
[Parsed_ebur128_0 @ 0x142616440] t: 5.599979   TARGET:-23 LUFS    M: -21.3 S: -17.7     I: -17.0 LUFS       LRA:   0.7 LU  FTPK: -20.0 -20.2 dBFS  TPK:  -3.5  -3.5 dBFS
[Parsed_ebur128_0 @ 0x142616440] t: 5.699979   TARGET:-23 LUFS    M: -25.2 S: -17.8     I: -17.0 LUFS       LRA:   0.8 LU  FTPK: -20.2 -20.2 dBFS  TPK:  -3.5  -3.5 dBFS
[Parsed_ebur128_0 @ 0x142616440] t: 5.799979   TARGET:-23 LUFS    M: -24.8 S: -17.8     I: -17.1 LUFS       LRA:   1.0 LU  FTPK: -13.8 -13.9 dBFS  TPK:  -3.5  -3.5 dBFS
[Parsed_ebur128_0 @ 0x142616440] t: 5.899979   TARGET:-23 LUFS    M: -23.1 S: -17.8     I: -17.2 LUFS       LRA:   1.1 LU  FTPK: -15.7 -15.8 dBFS  TPK:  -3.5  -3.5 dBFS
[Parsed_ebur128_0 @ 0x142616440] t: 5.999979   TARGET:-23 LUFS    M: -22.7 S: -18.2     I: -17.2 LUFS       LRA:   1.0 LU  FTPK: -20.2 -19.9 dBFS  TPK:  -3.5  -3.5 dBFS
[Parsed_ebur128_0 @ 0x142616440] t: 6.099979   TARGET:-23 LUFS    M: -22.5 S: -18.4     I: -17.3 LUFS       LRA:   1.0 LU  FTPK: -17.4 -17.1 dBFS  TPK:  -3.5  -3.5 dBFS
[Parsed_ebur128_0 @ 0x142616440] t: 6.199979   TARGET:-23 LUFS    M: -23.8 S: -18.6     I: -17.4 LUFS       LRA:   1.3 LU  FTPK: -19.4 -19.7 dBFS  TPK:  -3.5  -3.5 dBFS
[Parsed_ebur128_0 @ 0x142616440] t: 6.299979   TARGET:-23 LUFS    M: -26.3 S: -18.7     I: -17.4 LUFS       LRA:   1.6 LU  FTPK: -21.4 -20.5 dBFS  TPK:  -3.5  -3.5 dBFS
[Parsed_ebur128_0 @ 0x142616440] t: 6.399979   TARGET:-23 LUFS    M: -25.0 S: -18.8     I: -17.5 LUFS       LRA:   1.6 LU  FTPK: -11.9 -12.0 dBFS  TPK:  -3.5  -3.5 dBFS
[Parsed_ebur128_0 @ 0x142616440] t: 6.499979   TARGET:-23 LUFS    M: -17.5 S: -18.2     I: -17.5 LUFS       LRA:   1.6 LU  FTPK:  -4.8  -4.8 dBFS  TPK:  -3.5  -3.5 dBFS
[Parsed_ebur128_0 @ 0x142616440] t: 6.599979   TARGET:-23 LUFS    M: -15.3 S: -17.8     I: -17.4 LUFS       LRA:   1.6 LU  FTPK:  -2.9  -2.9 dBFS  TPK:  -2.9  -2.9 dBFS
[Parsed_ebur128_0 @ 0x142616440] t: 6.699979   TARGET:-23 LUFS    M: -14.7 S: -17.6     I: -17.4 LUFS       LRA:   1.6 LU  FTPK:  -6.7  -6.7 dBFS  TPK:  -2.9  -2.9 dBFS
[Parsed_ebur128_0 @ 0x142616440] t: 6.799979   TARGET:-23 LUFS    M: -14.8 S: -17.6     I: -17.3 LUFS       LRA:   1.6 LU  FTPK: -14.4 -14.4 dBFS  TPK:  -2.9  -2.9 dBFS
[Parsed_ebur128_0 @ 0x142616440] t: 6.899979   TARGET:-23 LUFS    M: -16.3 S: -17.4     I: -17.3 LUFS       LRA:   1.6 LU  FTPK:  -8.0  -8.0 dBFS  TPK:  -2.9  -2.9 dBFS
[Parsed_ebur128_0 @ 0x142616440] t: 6.999979   TARGET:-23 LUFS    M: -18.4 S: -17.4     I: -17.3 LUFS       LRA:   1.6 LU  FTPK:  -9.9  -9.9 dBFS  TPK:  -2.9  -2.9 dBFS
[Parsed_ebur128_0 @ 0x142616440] t: 7.099979   TARGET:-23 LUFS    M: -18.6 S: -17.4     I: -17.3 LUFS       LRA:   1.6 LU  FTPK:  -9.6  -9.5 dBFS  TPK:  -2.9  -2.9 dBFS
[Parsed_ebur128_0 @ 0x142616440] t: 7.199979   TARGET:-23 LUFS    M: -17.9 S: -17.4     I: -17.3 LUFS       LRA:   1.6 LU  FTPK: -12.6 -12.6 dBFS  TPK:  -2.9  -2.9 dBFS
[Parsed_ebur128_0 @ 0x142616440] t: 7.299979   TARGET:-23 LUFS    M: -19.5 S: -17.7     I: -17.4 LUFS       LRA:   1.6 LU  FTPK: -17.3 -17.3 dBFS  TPK:  -2.9  -2.9 dBFS
[Parsed_ebur128_0 @ 0x142616440] t: 7.399979   TARGET:-23 LUFS    M: -19.8 S: -17.8     I: -17.4 LUFS       LRA:   1.4 LU  FTPK: -14.3 -14.3 dBFS  TPK:  -2.9  -2.9 dBFS
[Parsed_ebur128_0 @ 0x142616440] t: 7.499979   TARGET:-23 LUFS    M: -19.8 S: -17.9     I: -17.4 LUFS       LRA:   1.4 LU  FTPK: -12.1 -12.1 dBFS  TPK:  -2.9  -2.9 dBFS
[Parsed_ebur128_0 @ 0x142616440] t: 7.599979   TARGET:-23 LUFS    M: -20.1 S: -18.2     I: -17.4 LUFS       LRA:   1.4 LU  FTPK: -12.9 -12.9 dBFS  TPK:  -2.9  -2.9 dBFS
[Parsed_ebur128_0 @ 0x142616440] t: 7.699979   TARGET:-23 LUFS    M: -20.0 S: -18.4     I: -17.5 LUFS       LRA:   1.6 LU  FTPK: -16.4 -16.3 dBFS  TPK:  -2.9  -2.9 dBFS
[Parsed_ebur128_0 @ 0x142616440] t: 7.799979   TARGET:-23 LUFS    M: -20.0 S: -18.5     I: -17.5 LUFS       LRA:   1.6 LU  FTPK: -11.0 -10.9 dBFS  TPK:  -2.9  -2.9 dBFS
[Parsed_ebur128_0 @ 0x142616440] t: 7.899979   TARGET:-23 LUFS    M: -21.3 S: -18.6     I: -17.6 LUFS       LRA:   1.7 LU  FTPK: -12.5 -12.5 dBFS  TPK:  -2.9  -2.9 dBFS
[Parsed_ebur128_0 @ 0x142616440] t: 7.999979   TARGET:-23 LUFS    M: -22.3 S: -19.0     I: -17.6 LUFS       LRA:   1.8 LU  FTPK: -19.1 -18.9 dBFS  TPK:  -2.9  -2.9 dBFS
[Parsed_ebur128_0 @ 0x142616440] t: 8.099979   TARGET:-23 LUFS    M: -22.3 S: -19.6     I: -17.7 LUFS       LRA:   1.8 LU  FTPK: -15.8 -15.8 dBFS  TPK:  -2.9  -2.9 dBFS
[Parsed_ebur128_0 @ 0x142616440] t: 8.199979   TARGET:-23 LUFS    M: -23.5 S: -19.6     I: -17.7 LUFS       LRA:   1.9 LU  FTPK: -15.2 -15.2 dBFS  TPK:  -2.9  -2.9 dBFS
[Parsed_ebur128_0 @ 0x142616440] t: 8.299979   TARGET:-23 LUFS    M: -23.9 S: -19.8     I: -17.8 LUFS       LRA:   1.9 LU  FTPK: -13.7 -13.8 dBFS  TPK:  -2.9  -2.9 dBFS
[Parsed_ebur128_0 @ 0x142616440] t: 8.399979   TARGET:-23 LUFS    M: -22.4 S: -19.7     I: -17.8 LUFS       LRA:   1.9 LU  FTPK: -13.3 -13.4 dBFS  TPK:  -2.9  -2.9 dBFS
[Parsed_ebur128_0 @ 0x142616440] t: 8.499979   TARGET:-23 LUFS    M: -21.8 S: -19.6     I: -17.9 LUFS       LRA:   2.2 LU  FTPK: -15.1 -15.1 dBFS  TPK:  -2.9  -2.9 dBFS
[Parsed_ebur128_0 @ 0x142616440] t: 8.599979   TARGET:-23 LUFS    M: -21.4 S: -19.6     I: -17.9 LUFS       LRA:   2.7 LU  FTPK: -16.0 -15.9 dBFS  TPK:  -2.9  -2.9 dBFS
[Parsed_ebur128_0 @ 0x142616440] t: 8.699979   TARGET:-23 LUFS    M: -21.5 S: -19.5     I: -17.9 LUFS       LRA:   2.7 LU  FTPK: -16.3 -16.3 dBFS  TPK:  -2.9  -2.9 dBFS
[Parsed_ebur128_0 @ 0x142616440] t: 8.799979   TARGET:-23 LUFS    M: -22.8 S: -19.6     I: -18.0 LUFS       LRA:   2.8 LU  FTPK: -17.5 -17.4 dBFS  TPK:  -2.9  -2.9 dBFS
[Parsed_ebur128_0 @ 0x142616440] t: 8.899979   TARGET:-23 LUFS    M: -23.4 S: -19.7     I: -18.0 LUFS       LRA:   2.8 LU  FTPK: -13.2 -13.0 dBFS  TPK:  -2.9  -2.9 dBFS
[Parsed_ebur128_0 @ 0x142616440] t: 8.999979   TARGET:-23 LUFS    M: -23.1 S: -19.6     I: -18.0 LUFS       LRA:   2.8 LU  FTPK: -15.3 -15.3 dBFS  TPK:  -2.9  -2.9 dBFS
[Parsed_ebur128_0 @ 0x142616440] t: 9.099979   TARGET:-23 LUFS    M: -21.9 S: -19.5     I: -18.1 LUFS       LRA:   2.8 LU  FTPK:  -2.8  -2.8 dBFS  TPK:  -2.8  -2.8 dBFS
[Parsed_ebur128_0 @ 0x142616440] t: 9.199979   TARGET:-23 LUFS    M: -19.8 S: -19.3     I: -18.1 LUFS       LRA:   2.8 LU  FTPK:  -6.1  -6.1 dBFS  TPK:  -2.8  -2.8 dBFS
[Parsed_ebur128_0 @ 0x142616440] t: 9.299979   TARGET:-23 LUFS    M: -20.2 S: -19.3     I: -18.1 LUFS       LRA:   2.8 LU  FTPK: -16.8 -16.9 dBFS  TPK:  -2.8  -2.8 dBFS
[Parsed_ebur128_0 @ 0x142616440] t: 9.399979   TARGET:-23 LUFS    M: -18.8 S: -19.1     I: -18.1 LUFS       LRA:   2.8 LU  FTPK:  -5.9  -5.9 dBFS  TPK:  -2.8  -2.8 dBFS
[Parsed_ebur128_0 @ 0x142616440] t: 9.499979   TARGET:-23 LUFS    M: -19.7 S: -19.9     I: -18.1 LUFS       LRA:   2.8 LU  FTPK: -16.5 -16.5 dBFS  TPK:  -2.8  -2.8 dBFS
[Parsed_ebur128_0 @ 0x142616440] t: 9.599979   TARGET:-23 LUFS    M: -21.3 S: -20.5     I: -18.1 LUFS       LRA:   2.8 LU  FTPK: -18.2 -18.4 dBFS  TPK:  -2.8  -2.8 dBFS
[Parsed_ebur128_0 @ 0x142616440] t: 9.699979   TARGET:-23 LUFS    M: -20.7 S: -20.8     I: -18.2 LUFS       LRA:   2.8 LU  FTPK: -17.5 -17.5 dBFS  TPK:  -2.8  -2.8 dBFS
[Parsed_ebur128_0 @ 0x142616440] t: 9.799979   TARGET:-23 LUFS    M: -24.1 S: -20.8     I: -18.2 LUFS       LRA:   2.8 LU  FTPK: -19.0 -18.8 dBFS  TPK:  -2.8  -2.8 dBFS
[Parsed_ebur128_0 @ 0x142616440] t: 9.899979   TARGET:-23 LUFS    M: -23.8 S: -21.1     I: -18.2 LUFS       LRA:   2.9 LU  FTPK: -21.5 -21.5 dBFS  TPK:  -2.8  -2.8 dBFS
[Parsed_ebur128_0 @ 0x142616440] t: 9.999979   TARGET:-23 LUFS    M: -21.6 S: -21.1     I: -18.3 LUFS       LRA:   2.9 LU  FTPK: -10.3 -10.3 dBFS  TPK:  -2.8  -2.8 dBFS
[Parsed_ebur128_0 @ 0x142616440] t: 10.099979  TARGET:-23 LUFS    M: -17.8 S: -20.6     I: -18.3 LUFS       LRA:   3.0 LU  FTPK:  -8.0  -8.0 dBFS  TPK:  -2.8  -2.8 dBFS
[Parsed_ebur128_0 @ 0x142616440] t: 10.199979  TARGET:-23 LUFS    M: -14.3 S: -19.5     I: -18.2 LUFS       LRA:   3.0 LU  FTPK:  -2.9  -2.9 dBFS  TPK:  -2.8  -2.8 dBFS
[Parsed_ebur128_0 @ 0x142616440] t: 10.299979  TARGET:-23 LUFS    M: -14.1 S: -19.4     I: -18.1 LUFS       LRA:   3.0 LU  FTPK: -10.3 -10.2 dBFS  TPK:  -2.8  -2.8 dBFS
[Parsed_ebur128_0 @ 0x142616440] t: 10.399979  TARGET:-23 LUFS    M: -12.4 S: -18.5     I: -18.0 LUFS       LRA:   2.9 LU  FTPK:  -3.5  -3.5 dBFS  TPK:  -2.8  -2.8 dBFS
[Parsed_ebur128_0 @ 0x142616440] t: 10.499979  TARGET:-23 LUFS    M: -12.2 S: -18.1     I: -17.9 LUFS       LRA:   2.9 LU  FTPK:  -4.5  -4.5 dBFS  TPK:  -2.8  -2.8 dBFS
[Parsed_ebur128_0 @ 0x142616440] t: 10.599979  TARGET:-23 LUFS    M: -13.7 S: -18.1     I: -17.8 LUFS       LRA:   2.9 LU  FTPK:  -9.8  -9.8 dBFS  TPK:  -2.8  -2.8 dBFS
[Parsed_ebur128_0 @ 0x142616440] t: 10.699979  TARGET:-23 LUFS    M: -11.7 S: -17.2     I: -17.7 LUFS       LRA:   2.9 LU  FTPK:  -2.8  -2.8 dBFS  TPK:  -2.8  -2.8 dBFS
[Parsed_ebur128_0 @ 0x142616440] t: 10.799979  TARGET:-23 LUFS    M: -13.2 S: -17.2     I: -17.5 LUFS       LRA:   2.9 LU  FTPK: -10.4 -10.3 dBFS  TPK:  -2.8  -2.8 dBFS
[Parsed_ebur128_0 @ 0x142616440] t: 10.899979  TARGET:-23 LUFS    M: -13.9 S: -17.0     I: -17.5 LUFS       LRA:   2.9 LU  FTPK:  -7.8  -7.9 dBFS  TPK:  -2.8  -2.8 dBFS
[Parsed_ebur128_0 @ 0x142616440] t: 10.999979  TARGET:-23 LUFS    M: -13.7 S: -16.9     I: -17.4 LUFS       LRA:   2.9 LU  FTPK:  -9.5  -9.5 dBFS  TPK:  -2.8  -2.8 dBFS
[Parsed_ebur128_0 @ 0x142616440] t: 11.099979  TARGET:-23 LUFS    M: -15.5 S: -16.6     I: -17.4 LUFS       LRA:   2.9 LU  FTPK:  -4.8  -4.8 dBFS  TPK:  -2.8  -2.8 dBFS
[Parsed_ebur128_0 @ 0x142616440] t: 11.199979  TARGET:-23 LUFS    M: -15.0 S: -16.4     I: -17.4 LUFS       LRA:   2.9 LU  FTPK:  -7.6  -7.7 dBFS  TPK:  -2.8  -2.8 dBFS
[Parsed_ebur128_0 @ 0x142616440] t: 11.299979  TARGET:-23 LUFS    M: -15.8 S: -16.4     I: -17.4 LUFS       LRA:   3.0 LU  FTPK: -11.5 -11.6 dBFS  TPK:  -2.8  -2.8 dBFS
[Parsed_ebur128_0 @ 0x142616440] t: 11.399979  TARGET:-23 LUFS    M: -15.9 S: -16.4     I: -17.3 LUFS       LRA:   3.0 LU  FTPK:  -6.0  -6.0 dBFS  TPK:  -2.8  -2.8 dBFS
[Parsed_ebur128_0 @ 0x142616440] t: 11.499979  TARGET:-23 LUFS    M: -15.8 S: -16.1     I: -17.3 LUFS       LRA:   3.2 LU  FTPK:  -5.8  -5.7 dBFS  TPK:  -2.8  -2.8 dBFS
[Parsed_ebur128_0 @ 0x142616440] t: 11.599979  TARGET:-23 LUFS    M: -15.5 S: -15.9     I: -17.3 LUFS       LRA:   3.3 LU  FTPK: -10.7 -10.7 dBFS  TPK:  -2.8  -2.8 dBFS
[Parsed_ebur128_0 @ 0x142616440] t: 11.699979  TARGET:-23 LUFS    M: -15.2 S: -15.9     I: -17.3 LUFS       LRA:   3.3 LU  FTPK: -12.0 -12.1 dBFS  TPK:  -2.8  -2.8 dBFS
[Parsed_ebur128_0 @ 0x142616440] t: 11.799979  TARGET:-23 LUFS    M: -15.9 S: -15.9     I: -17.3 LUFS       LRA:   3.4 LU  FTPK: -24.9 -25.5 dBFS  TPK:  -2.8  -2.8 dBFS
[Parsed_ebur128_0 @ 0x142616440] t: 11.899979  TARGET:-23 LUFS    M: -19.3 S: -15.9     I: -17.3 LUFS       LRA:   3.7 LU  FTPK: -22.2 -22.6 dBFS  TPK:  -2.8  -2.8 dBFS
[Parsed_ebur128_0 @ 0x142616440] t: 11.999979  TARGET:-23 LUFS    M: -22.4 S: -15.9     I: -17.3 LUFS       LRA:   3.7 LU  FTPK:  -9.6  -9.4 dBFS  TPK:  -2.8  -2.8 dBFS
[Parsed_ebur128_0 @ 0x142616440] t: 12.099979  TARGET:-23 LUFS    M: -20.0 S: -15.8     I: -17.3 LUFS       LRA:   3.8 LU  FTPK:  -3.6  -3.5 dBFS  TPK:  -2.8  -2.8 dBFS
[Parsed_ebur128_0 @ 0x142616440] t: 12.199979  TARGET:-23 LUFS    M: -16.0 S: -15.6     I: -17.3 LUFS       LRA:   3.8 LU  FTPK:  -2.7  -2.6 dBFS  TPK:  -2.7  -2.6 dBFS
[Parsed_ebur128_0 @ 0x142616440] t: 12.299979  TARGET:-23 LUFS    M: -14.3 S: -15.3     I: -17.3 LUFS       LRA:   3.8 LU  FTPK:  -3.5  -3.5 dBFS  TPK:  -2.7  -2.6 dBFS
[Parsed_ebur128_0 @ 0x142616440] t: 12.399979  TARGET:-23 LUFS    M: -13.6 S: -15.3     I: -17.2 LUFS       LRA:   3.8 LU  FTPK:  -7.0  -6.9 dBFS  TPK:  -2.7  -2.6 dBFS
[Parsed_ebur128_0 @ 0x142616440] t: 12.499979  TARGET:-23 LUFS    M: -13.5 S: -15.1     I: -17.2 LUFS       LRA:   3.8 LU  FTPK:  -5.8  -5.7 dBFS  TPK:  -2.7  -2.6 dBFS
[Parsed_ebur128_0 @ 0x142616440] t: 12.599979  TARGET:-23 LUFS    M: -15.0 S: -15.1     I: -17.2 LUFS       LRA:   3.9 LU  FTPK: -10.4 -10.3 dBFS  TPK:  -2.7  -2.6 dBFS
[Parsed_ebur128_0 @ 0x142616440] t: 12.699979  TARGET:-23 LUFS    M: -17.0 S: -15.1     I: -17.1 LUFS       LRA:   4.1 LU  FTPK: -14.3 -14.2 dBFS  TPK:  -2.7  -2.6 dBFS
[Parsed_ebur128_0 @ 0x142616440] t: 12.799979  TARGET:-23 LUFS    M: -18.9 S: -15.1     I: -17.2 LUFS       LRA:   4.3 LU  FTPK: -17.3 -17.9 dBFS  TPK:  -2.7  -2.6 dBFS
[Parsed_ebur128_0 @ 0x142616440] t: 12.899979  TARGET:-23 LUFS    M: -23.0 S: -15.1     I: -17.2 LUFS       LRA:   4.4 LU  FTPK: -16.5 -16.7 dBFS  TPK:  -2.7  -2.6 dBFS
[Parsed_ebur128_0 @ 0x142616440] t: 12.999979  TARGET:-23 LUFS    M: -23.6 S: -15.1     I: -17.2 LUFS       LRA:   4.5 LU  FTPK: -16.1 -16.3 dBFS  TPK:  -2.7  -2.6 dBFS
[Parsed_ebur128_0 @ 0x142616440] t: 13.099979  TARGET:-23 LUFS    M: -23.3 S: -15.3     I: -17.2 LUFS       LRA:   4.5 LU  FTPK: -17.7 -16.9 dBFS  TPK:  -2.7  -2.6 dBFS
[Parsed_ebur128_0 @ 0x142616440] t: 13.199979  TARGET:-23 LUFS    M: -22.3 S: -15.7     I: -17.3 LUFS       LRA:   4.5 LU  FTPK:  -6.2  -6.4 dBFS  TPK:  -2.7  -2.6 dBFS
[Parsed_ebur128_0 @ 0x142616440] t: 13.299979  TARGET:-23 LUFS    M: -23.0 S: -15.8     I: -17.3 LUFS       LRA:   4.5 LU  FTPK: -18.5 -19.2 dBFS  TPK:  -2.7  -2.6 dBFS
[Parsed_ebur128_0 @ 0x142616440] t: 13.399979  TARGET:-23 LUFS    M: -22.7 S: -16.2     I: -17.3 LUFS       LRA:   4.5 LU  FTPK:  -7.6  -7.6 dBFS  TPK:  -2.7  -2.6 dBFS
[Parsed_ebur128_0 @ 0x142616440] t: 13.499979  TARGET:-23 LUFS    M: -22.2 S: -16.6     I: -17.3 LUFS       LRA:   4.5 LU  FTPK:  -4.6  -4.6 dBFS  TPK:  -2.7  -2.6 dBFS
[Parsed_ebur128_0 @ 0x142616440] t: 13.599979  TARGET:-23 LUFS    M: -23.7 S: -16.6     I: -17.4 LUFS       LRA:   4.5 LU  FTPK: -20.9 -22.0 dBFS  TPK:  -2.7  -2.6 dBFS
[Parsed_ebur128_0 @ 0x142616440] t: 13.699979  TARGET:-23 LUFS    M: -23.7 S: -17.5     I: -17.4 LUFS       LRA:   4.5 LU  FTPK: -21.2 -20.8 dBFS  TPK:  -2.7  -2.6 dBFS
[Parsed_ebur128_0 @ 0x142616440] t: 13.799979  TARGET:-23 LUFS    M: -25.3 S: -17.5     I: -17.4 LUFS       LRA:   4.5 LU  FTPK: -18.1 -18.5 dBFS  TPK:  -2.7  -2.6 dBFS
[Parsed_ebur128_0 @ 0x142616440] t: 13.899979  TARGET:-23 LUFS    M: -26.4 S: -17.7     I: -17.4 LUFS       LRA:   4.5 LU  FTPK: -14.1 -14.0 dBFS  TPK:  -2.7  -2.6 dBFS
[Parsed_ebur128_0 @ 0x142616440] t: 13.999979  TARGET:-23 LUFS    M: -25.4 S: -17.9     I: -17.5 LUFS       LRA:   4.4 LU  FTPK: -11.7 -11.4 dBFS  TPK:  -2.7  -2.6 dBFS
[Parsed_ebur128_0 @ 0x142616440] t: 14.099979  TARGET:-23 LUFS    M: -24.3 S: -18.3     I: -17.5 LUFS       LRA:   4.4 LU  FTPK: -15.2 -15.4 dBFS  TPK:  -2.7  -2.6 dBFS
[Parsed_ebur128_0 @ 0x142616440] t: 14.199979  TARGET:-23 LUFS    M: -23.3 S: -18.5     I: -17.5 LUFS       LRA:   4.4 LU  FTPK: -13.3 -13.2 dBFS  TPK:  -2.7  -2.6 dBFS
[Parsed_ebur128_0 @ 0x142616440] t: 14.299979  TARGET:-23 LUFS    M: -23.4 S: -18.5     I: -17.5 LUFS       LRA:   4.4 LU  FTPK: -14.2 -14.1 dBFS  TPK:  -2.7  -2.6 dBFS
[Parsed_ebur128_0 @ 0x142616440] t: 14.399979  TARGET:-23 LUFS    M: -23.4 S: -18.7     I: -17.6 LUFS       LRA:   4.4 LU  FTPK: -14.8 -15.0 dBFS  TPK:  -2.7  -2.6 dBFS
[Parsed_ebur128_0 @ 0x142616440] t: 14.499979  TARGET:-23 LUFS    M: -23.6 S: -19.3     I: -17.6 LUFS       LRA:   4.4 LU  FTPK: -15.9 -15.7 dBFS  TPK:  -2.7  -2.6 dBFS
[Parsed_ebur128_0 @ 0x142616440] t: 14.599979  TARGET:-23 LUFS    M: -23.6 S: -19.6     I: -17.6 LUFS       LRA:   4.4 LU  FTPK: -14.5 -14.3 dBFS  TPK:  -2.7  -2.6 dBFS
[Parsed_ebur128_0 @ 0x142616440] t: 14.699979  TARGET:-23 LUFS    M: -23.4 S: -19.7     I: -17.7 LUFS       LRA:   4.4 LU  FTPK: -16.1 -16.2 dBFS  TPK:  -2.7  -2.6 dBFS
[Parsed_ebur128_0 @ 0x142616440] t: 14.799979  TARGET:-23 LUFS    M: -23.5 S: -19.7     I: -17.7 LUFS       LRA:   4.4 LU  FTPK: -17.1 -17.2 dBFS  TPK:  -2.7  -2.6 dBFS
[Parsed_ebur128_0 @ 0x142616440] t: 14.899979  TARGET:-23 LUFS    M: -21.5 S: -19.5     I: -17.7 LUFS       LRA:   4.4 LU  FTPK:  -5.2  -5.2 dBFS  TPK:  -2.7  -2.6 dBFS
[Parsed_ebur128_0 @ 0x142616440] t: 14.999979  TARGET:-23 LUFS    M: -19.7 S: -19.3     I: -17.7 LUFS       LRA:   4.4 LU  FTPK:  -4.8  -4.8 dBFS  TPK:  -2.7  -2.6 dBFS
[Parsed_ebur128_0 @ 0x142616440] t: 15.099979  TARGET:-23 LUFS    M: -20.0 S: -19.7     I: -17.7 LUFS       LRA:   4.4 LU  FTPK: -18.3 -18.3 dBFS  TPK:  -2.7  -2.6 dBFS
[Parsed_ebur128_0 @ 0x142616440] t: 15.199979  TARGET:-23 LUFS    M: -19.9 S: -20.6     I: -17.7 LUFS       LRA:   4.4 LU  FTPK: -14.4 -14.3 dBFS  TPK:  -2.7  -2.6 dBFS
[Parsed_ebur128_0 @ 0x142616440] t: 15.299979  TARGET:-23 LUFS    M: -20.8 S: -21.4     I: -17.8 LUFS       LRA:   4.4 LU  FTPK: -14.2 -14.8 dBFS  TPK:  -2.7  -2.6 dBFS
[Parsed_ebur128_0 @ 0x142616440] t: 15.399979  TARGET:-23 LUFS    M: -23.1 S: -21.9     I: -17.8 LUFS       LRA:   4.4 LU  FTPK: -14.9 -14.8 dBFS  TPK:  -2.7  -2.6 dBFS
[Parsed_ebur128_0 @ 0x142616440] t: 15.499979  TARGET:-23 LUFS    M: -22.2 S: -22.6     I: -17.8 LUFS       LRA:   4.4 LU  FTPK: -14.5 -14.3 dBFS  TPK:  -2.7  -2.6 dBFS
[Parsed_ebur128_0 @ 0x142616440] t: 15.599979  TARGET:-23 LUFS    M: -22.3 S: -22.7     I: -17.8 LUFS       LRA:   4.5 LU  FTPK: -14.7 -14.6 dBFS  TPK:  -2.7  -2.6 dBFS
[Parsed_ebur128_0 @ 0x142616440] t: 15.699979  TARGET:-23 LUFS    M: -22.4 S: -22.7     I: -17.9 LUFS       LRA:   4.6 LU  FTPK: -12.2 -11.8 dBFS  TPK:  -2.7  -2.6 dBFS
[Parsed_ebur128_0 @ 0x142616440] t: 15.799979  TARGET:-23 LUFS    M: -20.8 S: -22.3     I: -17.9 LUFS       LRA:   5.3 LU  FTPK:  -8.1  -7.7 dBFS  TPK:  -2.7  -2.6 dBFS
[Parsed_ebur128_0 @ 0x142616440] t: 15.899979  TARGET:-23 LUFS    M: -20.0 S: -22.1     I: -17.9 LUFS       LRA:   5.3 LU  FTPK:  -5.1  -5.1 dBFS  TPK:  -2.7  -2.6 dBFS
[Parsed_ebur128_0 @ 0x142616440] t: 15.999979  TARGET:-23 LUFS    M: -19.0 S: -21.9     I: -17.9 LUFS       LRA:   5.3 LU  FTPK: -11.3 -11.4 dBFS  TPK:  -2.7  -2.6 dBFS
[Parsed_ebur128_0 @ 0x142616440] t: 16.099979  TARGET:-23 LUFS    M: -18.2 S: -21.7     I: -17.9 LUFS       LRA:   5.5 LU  FTPK: -11.3 -11.1 dBFS  TPK:  -2.7  -2.6 dBFS
[Parsed_ebur128_0 @ 0x142616440] t: 16.199979  TARGET:-23 LUFS    M: -18.6 S: -21.6     I: -17.9 LUFS       LRA:   5.5 LU  FTPK:  -9.6  -9.7 dBFS  TPK:  -2.7  -2.6 dBFS
[Parsed_ebur128_0 @ 0x142616440] t: 16.299979  TARGET:-23 LUFS    M: -19.4 S: -21.6     I: -17.9 LUFS       LRA:   5.8 LU  FTPK: -14.4 -15.0 dBFS  TPK:  -2.7  -2.6 dBFS
[Parsed_ebur128_0 @ 0x142616440] t: 16.399979  TARGET:-23 LUFS    M: -20.9 S: -21.7     I: -17.9 LUFS       LRA:   5.8 LU  FTPK: -19.5 -19.3 dBFS  TPK:  -2.7  -2.6 dBFS
[Parsed_ebur128_0 @ 0x142616440] t: 16.499979  TARGET:-23 LUFS    M: -22.0 S: -21.6     I: -17.9 LUFS       LRA:   5.8 LU  FTPK: -12.7 -13.2 dBFS  TPK:  -2.7  -2.6 dBFS
[Parsed_ebur128_0 @ 0x142616440] t: 16.599979  TARGET:-23 LUFS    M: -22.8 S: -21.5     I: -18.0 LUFS       LRA:   6.1 LU  FTPK: -14.2 -14.9 dBFS  TPK:  -2.7  -2.6 dBFS
[Parsed_ebur128_0 @ 0x142616440] t: 16.699979  TARGET:-23 LUFS    M: -22.6 S: -21.5     I: -18.0 LUFS       LRA:   6.1 LU  FTPK: -17.3 -17.9 dBFS  TPK:  -2.7  -2.6 dBFS
[Parsed_ebur128_0 @ 0x142616440] t: 16.799979  TARGET:-23 LUFS    M: -22.5 S: -21.4     I: -18.0 LUFS       LRA:   6.1 LU  FTPK: -19.1 -19.9 dBFS  TPK:  -2.7  -2.6 dBFS
[Parsed_ebur128_0 @ 0x142616440] t: 16.899979  TARGET:-23 LUFS    M: -24.3 S: -21.5     I: -18.0 LUFS       LRA:   6.2 LU  FTPK: -19.3 -19.7 dBFS  TPK:  -2.7  -2.6 dBFS
[Parsed_ebur128_0 @ 0x142616440] t: 16.999979  TARGET:-23 LUFS    M: -25.0 S: -21.5     I: -18.0 LUFS       LRA:   6.2 LU  FTPK: -15.9 -16.8 dBFS  TPK:  -2.7  -2.6 dBFS
[Parsed_ebur128_0 @ 0x142616440] t: 17.099979  TARGET:-23 LUFS    M: -24.1 S: -21.4     I: -18.0 LUFS       LRA:   6.2 LU  FTPK: -14.6 -14.3 dBFS  TPK:  -2.7  -2.6 dBFS
[Parsed_ebur128_0 @ 0x142616440] t: 17.199979  TARGET:-23 LUFS    M: -23.1 S: -21.4     I: -18.1 LUFS       LRA:   6.2 LU  FTPK: -15.0 -14.5 dBFS  TPK:  -2.7  -2.6 dBFS
[Parsed_ebur128_0 @ 0x142616440] t: 17.299979  TARGET:-23 LUFS    M: -22.5 S: -21.4     I: -18.1 LUFS       LRA:   6.2 LU  FTPK: -17.0 -16.7 dBFS  TPK:  -2.7  -2.6 dBFS
[Parsed_ebur128_0 @ 0x142616440] t: 17.399979  TARGET:-23 LUFS    M: -22.6 S: -21.4     I: -18.1 LUFS       LRA:   6.2 LU  FTPK:  -5.4  -5.3 dBFS  TPK:  -2.7  -2.6 dBFS
[Parsed_ebur128_0 @ 0x142616440] t: 17.499979  TARGET:-23 LUFS    M: -23.9 S: -21.5     I: -18.1 LUFS       LRA:   6.2 LU  FTPK: -20.1 -21.0 dBFS  TPK:  -2.7  -2.6 dBFS
[Parsed_ebur128_0 @ 0x142616440] t: 17.599979  TARGET:-23 LUFS    M: -23.7 S: -21.4     I: -18.1 LUFS       LRA:   6.2 LU  FTPK:  -5.7  -5.8 dBFS  TPK:  -2.7  -2.6 dBFS
[Parsed_ebur128_0 @ 0x142616440] t: 17.699979  TARGET:-23 LUFS    M: -22.2 S: -21.3     I: -18.1 LUFS       LRA:   6.2 LU  FTPK:  -5.9  -5.9 dBFS  TPK:  -2.7  -2.6 dBFS
[Parsed_ebur128_0 @ 0x142616440] t: 17.799979  TARGET:-23 LUFS    M: -20.9 S: -21.1     I: -18.2 LUFS       LRA:   6.2 LU  FTPK: -13.2 -13.0 dBFS  TPK:  -2.7  -2.6 dBFS
[Parsed_ebur128_0 @ 0x142616440] t: 17.899979  TARGET:-23 LUFS    M: -17.3 S: -20.6     I: -18.2 LUFS       LRA:   6.2 LU  FTPK:  -5.8  -5.8 dBFS  TPK:  -2.7  -2.6 dBFS
[Parsed_ebur128_0 @ 0x142616440] t: 17.999979  TARGET:-23 LUFS    M: -17.1 S: -20.8     I: -18.1 LUFS       LRA:   6.2 LU  FTPK:  -5.6  -5.6 dBFS  TPK:  -2.7  -2.6 dBFS
[Parsed_ebur128_0 @ 0x142616440] t: 18.099979  TARGET:-23 LUFS    M: -17.8 S: -20.8     I: -18.1 LUFS       LRA:   6.2 LU  FTPK: -25.6 -26.2 dBFS  TPK:  -2.7  -2.6 dBFS
[Parsed_ebur128_0 @ 0x142616440] t: 18.199979  TARGET:-23 LUFS    M: -18.4 S: -20.8     I: -18.1 LUFS       LRA:   6.2 LU  FTPK: -13.6 -13.5 dBFS  TPK:  -2.7  -2.6 dBFS
[Parsed_ebur128_0 @ 0x142616440] t: 18.299979  TARGET:-23 LUFS    M: -18.2 S: -20.2     I: -18.1 LUFS       LRA:   6.2 LU  FTPK:  -5.2  -5.2 dBFS  TPK:  -2.7  -2.6 dBFS
[Parsed_ebur128_0 @ 0x142616440] t: 18.399979  TARGET:-23 LUFS    M: -16.6 S: -19.7     I: -18.1 LUFS       LRA:   6.1 LU  FTPK:  -6.0  -6.0 dBFS  TPK:  -2.7  -2.6 dBFS
[Parsed_ebur128_0 @ 0x142616440] t: 18.499979  TARGET:-23 LUFS    M: -14.4 S: -19.1     I: -18.1 LUFS       LRA:   6.1 LU  FTPK:  -3.7  -3.7 dBFS  TPK:  -2.7  -2.6 dBFS
[Parsed_ebur128_0 @ 0x142616440] t: 18.599979  TARGET:-23 LUFS    M: -11.9 S: -18.0     I: -18.0 LUFS       LRA:   6.1 LU  FTPK:  -2.6  -2.6 dBFS  TPK:  -2.6  -2.6 dBFS
[Parsed_ebur128_0 @ 0x142616440] t: 18.699979  TARGET:-23 LUFS    M: -12.6 S: -17.9     I: -18.0 LUFS       LRA:   6.1 LU  FTPK: -13.7 -13.4 dBFS  TPK:  -2.6  -2.6 dBFS
[Parsed_ebur128_0 @ 0x142616440] t: 18.799979  TARGET:-23 LUFS    M: -12.3 S: -17.6     I: -17.9 LUFS       LRA:   6.1 LU  FTPK:  -2.7  -2.7 dBFS  TPK:  -2.6  -2.6 dBFS
[Parsed_ebur128_0 @ 0x142616440] t: 18.899979  TARGET:-23 LUFS    M: -12.1 S: -17.2     I: -17.8 LUFS       LRA:   6.1 LU  FTPK:  -4.7  -4.7 dBFS  TPK:  -2.6  -2.6 dBFS
[Parsed_ebur128_0 @ 0x142616440] t: 18.999979  TARGET:-23 LUFS    M: -13.4 S: -16.9     I: -17.8 LUFS       LRA:   6.1 LU  FTPK:  -9.5  -9.5 dBFS  TPK:  -2.6  -2.6 dBFS
[Parsed_ebur128_0 @ 0x142616440] t: 19.099979  TARGET:-23 LUFS    M: -13.3 S: -16.9     I: -17.7 LUFS       LRA:   6.1 LU  FTPK: -11.3 -11.4 dBFS  TPK:  -2.6  -2.6 dBFS
[Parsed_ebur128_0 @ 0x142616440] t: 19.199979  TARGET:-23 LUFS    M: -14.4 S: -16.9     I: -17.7 LUFS       LRA:   6.1 LU  FTPK: -12.7 -12.7 dBFS  TPK:  -2.6  -2.6 dBFS
[Parsed_ebur128_0 @ 0x142616440] t: 19.299979  TARGET:-23 LUFS    M: -17.0 S: -16.9     I: -17.7 LUFS       LRA:   6.1 LU  FTPK: -14.3 -14.3 dBFS  TPK:  -2.6  -2.6 dBFS
[Parsed_ebur128_0 @ 0x142616440] t: 19.399979  TARGET:-23 LUFS    M: -21.3 S: -16.9     I: -17.7 LUFS       LRA:   6.1 LU  FTPK: -23.9 -25.0 dBFS  TPK:  -2.6  -2.6 dBFS
[Parsed_ebur128_0 @ 0x142616440] t: 19.499979  TARGET:-23 LUFS    M: -23.5 S: -17.0     I: -17.7 LUFS       LRA:   6.1 LU  FTPK: -23.4 -24.4 dBFS  TPK:  -2.6  -2.6 dBFS
[Parsed_ebur128_0 @ 0x142616440] t: 19.599979  TARGET:-23 LUFS    M: -25.4 S: -17.0     I: -17.8 LUFS       LRA:   6.1 LU  FTPK: -14.0 -14.0 dBFS  TPK:  -2.6  -2.6 dBFS
[Parsed_ebur128_0 @ 0x142616440] t: 19.699979  TARGET:-23 LUFS    M: -25.0 S: -17.0     I: -17.8 LUFS       LRA:   6.1 LU  FTPK: -15.8 -14.6 dBFS  TPK:  -2.6  -2.6 dBFS
[Parsed_ebur128_0 @ 0x142616440] t: 19.799979  TARGET:-23 LUFS    M: -23.8 S: -17.0     I: -17.8 LUFS       LRA:   6.1 LU  FTPK: -16.2 -16.3 dBFS  TPK:  -2.6  -2.6 dBFS
[Parsed_ebur128_0 @ 0x142616440] t: 19.899979  TARGET:-23 LUFS    M: -22.8 S: -16.9     I: -17.8 LUFS       LRA:   6.1 LU  FTPK: -16.8 -16.4 dBFS  TPK:  -2.6  -2.6 dBFS
[Parsed_ebur128_0 @ 0x142616440] t: 19.999979  TARGET:-23 LUFS    M: -22.6 S: -16.9     I: -17.8 LUFS       LRA:   5.9 LU  FTPK: -15.3 -15.8 dBFS  TPK:  -2.6  -2.6 dBFS
[Parsed_ebur128_0 @ 0x142616440] t: 20.099979  TARGET:-23 LUFS    M: -22.8 S: -16.9     I: -17.9 LUFS       LRA:   5.9 LU  FTPK: -10.4 -10.0 dBFS  TPK:  -2.6  -2.6 dBFS
[Parsed_ebur128_0 @ 0x142616440] t: 20.199979  TARGET:-23 LUFS    M: -18.0 S: -16.7     I: -17.9 LUFS       LRA:   5.9 LU  FTPK:  -5.6  -5.6 dBFS  TPK:  -2.6  -2.6 dBFS
[Parsed_ebur128_0 @ 0x142616440] t: 20.299979  TARGET:-23 LUFS    M: -17.5 S: -16.6     I: -17.9 LUFS       LRA:   5.9 LU  FTPK: -12.8 -13.0 dBFS  TPK:  -2.6  -2.6 dBFS
[Parsed_ebur128_0 @ 0x142616440] t: 20.399979  TARGET:-23 LUFS    M: -15.7 S: -16.4     I: -17.8 LUFS       LRA:   5.9 LU  FTPK:  -2.5  -2.5 dBFS  TPK:  -2.5  -2.5 dBFS
[Parsed_ebur128_0 @ 0x142616440] t: 20.499979  TARGET:-23 LUFS    M: -12.4 S: -15.6     I: -17.8 LUFS       LRA:   5.9 LU  FTPK:  -2.6  -2.6 dBFS  TPK:  -2.5  -2.5 dBFS
[Parsed_ebur128_0 @ 0x142616440] t: 20.599979  TARGET:-23 LUFS    M: -12.9 S: -15.5     I: -17.7 LUFS       LRA:   5.9 LU  FTPK:  -6.6  -6.6 dBFS  TPK:  -2.5  -2.5 dBFS
[Parsed_ebur128_0 @ 0x142616440] t: 20.699979  TARGET:-23 LUFS    M: -12.7 S: -15.5     I: -17.7 LUFS       LRA:   6.0 LU  FTPK:  -7.2  -7.2 dBFS  TPK:  -2.5  -2.5 dBFS
[Parsed_ebur128_0 @ 0x142616440] t: 20.799979  TARGET:-23 LUFS    M: -13.0 S: -15.4     I: -17.6 LUFS       LRA:   6.0 LU  FTPK:  -5.6  -5.6 dBFS  TPK:  -2.5  -2.5 dBFS
[Parsed_ebur128_0 @ 0x142616440] t: 20.899979  TARGET:-23 LUFS    M: -14.9 S: -15.4     I: -17.6 LUFS       LRA:   6.1 LU  FTPK:  -3.9  -3.9 dBFS  TPK:  -2.5  -2.5 dBFS
[Parsed_ebur128_0 @ 0x142616440] t: 20.999979  TARGET:-23 LUFS    M: -14.7 S: -15.3     I: -17.6 LUFS       LRA:   6.1 LU  FTPK:  -7.7  -7.7 dBFS  TPK:  -2.5  -2.5 dBFS
[Parsed_ebur128_0 @ 0x142616440] t: 21.099979  TARGET:-23 LUFS    M: -14.0 S: -15.0     I: -17.6 LUFS       LRA:   6.1 LU  FTPK:  -6.6  -6.5 dBFS  TPK:  -2.5  -2.5 dBFS
[Parsed_ebur128_0 @ 0x142616440] t: 21.199979  TARGET:-23 LUFS    M: -14.5 S: -15.0     I: -17.5 LUFS       LRA:   6.2 LU  FTPK:  -7.9  -7.8 dBFS  TPK:  -2.5  -2.5 dBFS
[Parsed_ebur128_0 @ 0x142616440] t: 21.299979  TARGET:-23 LUFS    M: -16.3 S: -15.2     I: -17.5 LUFS       LRA:   6.2 LU  FTPK: -13.3 -13.2 dBFS  TPK:  -2.5  -2.5 dBFS
[Parsed_ebur128_0 @ 0x142616440] t: 21.399979  TARGET:-23 LUFS    M: -15.4 S: -15.1     I: -17.5 LUFS       LRA:   6.2 LU  FTPK:  -6.3  -6.3 dBFS  TPK:  -2.5  -2.5 dBFS
[Parsed_ebur128_0 @ 0x142616440] t: 21.499979  TARGET:-23 LUFS    M: -15.9 S: -15.2     I: -17.5 LUFS       LRA:   6.2 LU  FTPK:  -7.3  -7.3 dBFS  TPK:  -2.5  -2.5 dBFS
[Parsed_ebur128_0 @ 0x142616440] t: 21.599979  TARGET:-23 LUFS    M: -15.6 S: -15.7     I: -17.5 LUFS       LRA:   6.2 LU  FTPK:  -8.8  -8.7 dBFS  TPK:  -2.5  -2.5 dBFS
[Parsed_ebur128_0 @ 0x142616440] t: 21.699979  TARGET:-23 LUFS    M: -15.5 S: -15.7     I: -17.5 LUFS       LRA:   6.2 LU  FTPK: -11.4 -11.4 dBFS  TPK:  -2.5  -2.5 dBFS
[Parsed_ebur128_0 @ 0x142616440] t: 21.799979  TARGET:-23 LUFS    M: -17.4 S: -16.0     I: -17.5 LUFS       LRA:   6.2 LU  FTPK: -10.3 -10.2 dBFS  TPK:  -2.5  -2.5 dBFS
[Parsed_ebur128_0 @ 0x142616440] t: 21.899979  TARGET:-23 LUFS    M: -17.7 S: -16.2     I: -17.5 LUFS       LRA:   6.2 LU  FTPK:  -5.9  -6.0 dBFS  TPK:  -2.5  -2.5 dBFS
[Parsed_ebur128_0 @ 0x142616440] t: 21.999979  TARGET:-23 LUFS    M: -17.6 S: -16.4     I: -17.5 LUFS       LRA:   6.2 LU  FTPK: -11.0 -11.0 dBFS  TPK:  -2.5  -2.5 dBFS
[Parsed_ebur128_0 @ 0x142616440] t: 22.099979  TARGET:-23 LUFS    M: -16.7 S: -16.3     I: -17.5 LUFS       LRA:   6.2 LU  FTPK:  -7.5  -7.3 dBFS  TPK:  -2.5  -2.5 dBFS
[Parsed_ebur128_0 @ 0x142616440] t: 22.199979  TARGET:-23 LUFS    M: -16.9 S: -16.3     I: -17.5 LUFS       LRA:   6.2 LU  FTPK: -11.9 -11.8 dBFS  TPK:  -2.5  -2.5 dBFS
[Parsed_ebur128_0 @ 0x142616440] t: 22.299979  TARGET:-23 LUFS    M: -18.5 S: -16.3     I: -17.5 LUFS       LRA:   6.2 LU  FTPK: -17.4 -18.0 dBFS  TPK:  -2.5  -2.5 dBFS
[Parsed_ebur128_0 @ 0x142616440] t: 22.399979  TARGET:-23 LUFS    M: -19.7 S: -16.3     I: -17.5 LUFS       LRA:   6.2 LU  FTPK: -16.4 -15.9 dBFS  TPK:  -2.5  -2.5 dBFS
[Parsed_ebur128_0 @ 0x142616440] t: 22.499979  TARGET:-23 LUFS    M: -23.2 S: -16.3     I: -17.5 LUFS       LRA:   6.2 LU  FTPK: -16.8 -16.4 dBFS  TPK:  -2.5  -2.5 dBFS
[Parsed_ebur128_0 @ 0x142616440] t: 22.599979  TARGET:-23 LUFS    M: -24.4 S: -16.3     I: -17.5 LUFS       LRA:   6.2 LU  FTPK: -18.5 -18.4 dBFS  TPK:  -2.5  -2.5 dBFS
[Parsed_ebur128_0 @ 0x142616440] t: 22.699979  TARGET:-23 LUFS    M: -18.8 S: -16.1     I: -17.5 LUFS       LRA:   6.2 LU  FTPK:  -3.9  -3.9 dBFS  TPK:  -2.5  -2.5 dBFS
[Parsed_ebur128_0 @ 0x142616440] t: 22.799979  TARGET:-23 LUFS    M: -15.9 S: -15.8     I: -17.5 LUFS       LRA:   6.2 LU  FTPK:  -3.9  -3.9 dBFS  TPK:  -2.5  -2.5 dBFS
[Parsed_ebur128_0 @ 0x142616440] t: 22.899979  TARGET:-23 LUFS    M: -15.5 S: -15.8     I: -17.5 LUFS       LRA:   6.2 LU  FTPK: -11.7 -11.6 dBFS  TPK:  -2.5  -2.5 dBFS
[Parsed_ebur128_0 @ 0x142616440] t: 22.999979  TARGET:-23 LUFS    M: -13.9 S: -15.5     I: -17.5 LUFS       LRA:   6.2 LU  FTPK:  -7.6  -7.6 dBFS  TPK:  -2.5  -2.5 dBFS
[Parsed_ebur128_0 @ 0x142616440] t: 23.099979  TARGET:-23 LUFS    M: -15.0 S: -15.5     I: -17.5 LUFS       LRA:   6.2 LU  FTPK: -13.4 -13.3 dBFS  TPK:  -2.5  -2.5 dBFS
[Parsed_ebur128_0 @ 0x142616440] t: 23.199979  TARGET:-23 LUFS    M: -17.3 S: -15.8     I: -17.5 LUFS       LRA:   6.2 LU  FTPK: -11.8 -12.0 dBFS  TPK:  -2.5  -2.5 dBFS
[Parsed_ebur128_0 @ 0x142616440] t: 23.299979  TARGET:-23 LUFS    M: -17.8 S: -15.8     I: -17.5 LUFS       LRA:   6.2 LU  FTPK: -11.3 -11.2 dBFS  TPK:  -2.5  -2.5 dBFS
[Parsed_ebur128_0 @ 0x142616440] t: 23.399979  TARGET:-23 LUFS    M: -23.6 S: -16.0     I: -17.5 LUFS       LRA:   6.2 LU  FTPK: -16.5 -16.1 dBFS  TPK:  -2.5  -2.5 dBFS
[Parsed_ebur128_0 @ 0x142616440] t: 23.499979  TARGET:-23 LUFS    M: -22.9 S: -16.8     I: -17.5 LUFS       LRA:   6.2 LU  FTPK: -15.9 -15.3 dBFS  TPK:  -2.5  -2.5 dBFS
[Parsed_ebur128_0 @ 0x142616440] t: 23.599979  TARGET:-23 LUFS    M: -22.6 S: -16.9     I: -17.5 LUFS       LRA:   6.2 LU  FTPK: -17.1 -17.0 dBFS  TPK:  -2.5  -2.5 dBFS
[Parsed_ebur128_0 @ 0x142616440] t: 23.699979  TARGET:-23 LUFS    M: -22.9 S: -17.0     I: -17.5 LUFS       LRA:   6.2 LU  FTPK: -19.0 -19.2 dBFS  TPK:  -2.5  -2.5 dBFS
[Parsed_ebur128_0 @ 0x142616440] t: 23.799979  TARGET:-23 LUFS    M: -23.1 S: -17.2     I: -17.5 LUFS       LRA:   6.2 LU  FTPK: -19.6 -19.4 dBFS  TPK:  -2.5  -2.5 dBFS
[Parsed_ebur128_0 @ 0x142616440] t: 23.899979  TARGET:-23 LUFS    M: -24.6 S: -17.6     I: -17.5 LUFS       LRA:   6.2 LU  FTPK: -21.2 -21.3 dBFS  TPK:  -2.5  -2.5 dBFS
[Parsed_ebur128_0 @ 0x142616440] t: 23.999979  TARGET:-23 LUFS    M: -24.0 S: -17.8     I: -17.6 LUFS       LRA:   6.2 LU  FTPK: -13.9 -13.9 dBFS  TPK:  -2.5  -2.5 dBFS
[Parsed_ebur128_0 @ 0x142616440] t: 24.099979  TARGET:-23 LUFS    M: -23.7 S: -18.2     I: -17.6 LUFS       LRA:   6.2 LU  FTPK: -17.0 -16.8 dBFS  TPK:  -2.5  -2.5 dBFS
[Parsed_ebur128_0 @ 0x142616440] t: 24.199979  TARGET:-23 LUFS    M: -23.7 S: -18.3     I: -17.6 LUFS       LRA:   6.2 LU  FTPK: -20.7 -20.8 dBFS  TPK:  -2.5  -2.5 dBFS
[Parsed_ebur128_0 @ 0x142616440] t: 24.299979  TARGET:-23 LUFS    M: -23.8 S: -18.3     I: -17.6 LUFS       LRA:   6.2 LU  FTPK: -15.8 -15.8 dBFS  TPK:  -2.5  -2.5 dBFS
[Parsed_ebur128_0 @ 0x142616440] t: 24.399979  TARGET:-23 LUFS    M: -22.6 S: -18.7     I: -17.6 LUFS       LRA:   6.2 LU  FTPK: -14.6 -14.3 dBFS  TPK:  -2.5  -2.5 dBFS
[Parsed_ebur128_0 @ 0x142616440] t: 24.499979  TARGET:-23 LUFS    M: -21.5 S: -19.0     I: -17.6 LUFS       LRA:   6.2 LU  FTPK: -14.8 -14.8 dBFS  TPK:  -2.5  -2.5 dBFS
[Parsed_ebur128_0 @ 0x142616440] t: 24.599979  TARGET:-23 LUFS    M: -20.6 S: -19.1     I: -17.6 LUFS       LRA:   6.2 LU  FTPK: -15.5 -15.6 dBFS  TPK:  -2.5  -2.5 dBFS
[Parsed_ebur128_0 @ 0x142616440] t: 24.699979  TARGET:-23 LUFS    M: -20.3 S: -19.2     I: -17.7 LUFS       LRA:   6.2 LU  FTPK: -15.9 -15.9 dBFS  TPK:  -2.5  -2.5 dBFS
[Parsed_ebur128_0 @ 0x142616440] t: 24.799979  TARGET:-23 LUFS    M: -21.7 S: -19.3     I: -17.7 LUFS       LRA:   6.2 LU  FTPK: -20.0 -20.0 dBFS  TPK:  -2.5  -2.5 dBFS
[Parsed_ebur128_0 @ 0x142616440] t: 24.899979  TARGET:-23 LUFS    M: -23.7 S: -19.6     I: -17.7 LUFS       LRA:   6.2 LU  FTPK: -22.4 -22.2 dBFS  TPK:  -2.5  -2.5 dBFS
[Parsed_ebur128_0 @ 0x142616440] t: 24.999979  TARGET:-23 LUFS    M: -24.4 S: -19.8     I: -17.7 LUFS       LRA:   6.2 LU  FTPK: -15.1 -14.9 dBFS  TPK:  -2.5  -2.5 dBFS
[Parsed_ebur128_0 @ 0x142616440] t: 25.099979  TARGET:-23 LUFS    M: -24.4 S: -20.1     I: -17.7 LUFS       LRA:   6.2 LU  FTPK: -17.8 -17.7 dBFS  TPK:  -2.5  -2.5 dBFS
[Parsed_ebur128_0 @ 0x142616440] t: 25.199979  TARGET:-23 LUFS    M: -24.5 S: -20.2     I: -17.7 LUFS       LRA:   6.2 LU  FTPK: -21.8 -22.0 dBFS  TPK:  -2.5  -2.5 dBFS
[Parsed_ebur128_0 @ 0x142616440] t: 25.299979  TARGET:-23 LUFS    M: -19.4 S: -19.8     I: -17.7 LUFS       LRA:   6.2 LU  FTPK:  -7.6  -7.7 dBFS  TPK:  -2.5  -2.5 dBFS
[Parsed_ebur128_0 @ 0x142616440] t: 25.399979  TARGET:-23 LUFS    M: -19.7 S: -19.8     I: -17.7 LUFS       LRA:   6.2 LU  FTPK: -15.5 -15.3 dBFS  TPK:  -2.5  -2.5 dBFS
[Parsed_ebur128_0 @ 0x142616440] t: 25.499979  TARGET:-23 LUFS    M: -19.9 S: -19.8     I: -17.7 LUFS       LRA:   6.2 LU  FTPK: -20.5 -20.6 dBFS  TPK:  -2.5  -2.5 dBFS
[Parsed_ebur128_0 @ 0x142616440] t: 25.599979  TARGET:-23 LUFS    M: -19.7 S: -19.8     I: -17.7 LUFS       LRA:   6.2 LU  FTPK: -17.3 -17.5 dBFS  TPK:  -2.5  -2.5 dBFS
[Parsed_ebur128_0 @ 0x142616440] t: 25.699979  TARGET:-23 LUFS    M: -23.5 S: -20.3     I: -17.8 LUFS       LRA:   6.2 LU  FTPK: -14.2 -13.9 dBFS  TPK:  -2.5  -2.5 dBFS
[Parsed_ebur128_0 @ 0x142616440] t: 25.799979  TARGET:-23 LUFS    M: -20.5 S: -20.8     I: -17.8 LUFS       LRA:   6.2 LU  FTPK: -10.5 -10.4 dBFS  TPK:  -2.5  -2.5 dBFS
[Parsed_ebur128_0 @ 0x142616440] t: 25.899979  TARGET:-23 LUFS    M: -15.3 S: -19.7     I: -17.8 LUFS       LRA:   6.2 LU  FTPK:  -2.2  -2.2 dBFS  TPK:  -2.2  -2.2 dBFS
[Parsed_ebur128_0 @ 0x142616440] t: 25.999979  TARGET:-23 LUFS    M: -13.9 S: -19.8     I: -17.7 LUFS       LRA:   6.1 LU  FTPK:  -4.0  -3.9 dBFS  TPK:  -2.2  -2.2 dBFS
[Parsed_ebur128_0 @ 0x142616440] t: 26.099979  TARGET:-23 LUFS    M: -12.7 S: -19.1     I: -17.7 LUFS       LRA:   6.1 LU  FTPK:  -3.6  -3.5 dBFS  TPK:  -2.2  -2.2 dBFS
[Parsed_ebur128_0 @ 0x142616440] t: 26.199979  TARGET:-23 LUFS    M: -12.4 S: -18.7     I: -17.7 LUFS       LRA:   6.1 LU  FTPK:  -5.5  -5.5 dBFS  TPK:  -2.2  -2.2 dBFS
[Parsed_ebur128_0 @ 0x142616440] t: 26.299979  TARGET:-23 LUFS    M: -14.3 S: -18.7     I: -17.6 LUFS       LRA:   6.1 LU  FTPK: -15.1 -15.6 dBFS  TPK:  -2.2  -2.2 dBFS
[Parsed_ebur128_0 @ 0x142616440] t: 26.399979  TARGET:-23 LUFS    M: -16.0 S: -18.7     I: -17.6 LUFS       LRA:   6.1 LU  FTPK: -19.6 -19.1 dBFS  TPK:  -2.2  -2.2 dBFS
[Parsed_ebur128_0 @ 0x142616440] t: 26.499979  TARGET:-23 LUFS    M: -19.4 S: -18.8     I: -17.6 LUFS       LRA:   6.1 LU  FTPK: -17.1 -18.0 dBFS  TPK:  -2.2  -2.2 dBFS
[Parsed_ebur128_0 @ 0x142616440] t: 26.599979  TARGET:-23 LUFS    M: -24.9 S: -18.8     I: -17.6 LUFS       LRA:   6.1 LU  FTPK: -17.1 -17.0 dBFS  TPK:  -2.2  -2.2 dBFS
[Parsed_ebur128_0 @ 0x142616440] t: 26.699979  TARGET:-23 LUFS    M: -24.8 S: -18.8     I: -17.7 LUFS       LRA:   6.1 LU  FTPK: -18.1 -17.6 dBFS  TPK:  -2.2  -2.2 dBFS
[Parsed_ebur128_0 @ 0x142616440] t: 26.799979  TARGET:-23 LUFS    M: -17.1 S: -18.1     I: -17.7 LUFS       LRA:   6.1 LU  FTPK:  -2.0  -2.0 dBFS  TPK:  -2.0  -2.0 dBFS
[Parsed_ebur128_0 @ 0x142616440] t: 26.899979  TARGET:-23 LUFS    M: -13.9 S: -17.4     I: -17.6 LUFS       LRA:   6.1 LU  FTPK:  -2.1  -2.1 dBFS  TPK:  -2.0  -2.0 dBFS
[Parsed_ebur128_0 @ 0x142616440] t: 26.999979  TARGET:-23 LUFS    M: -12.4 S: -16.9     I: -17.6 LUFS       LRA:   6.1 LU  FTPK:  -2.2  -2.1 dBFS  TPK:  -2.0  -2.0 dBFS
[Parsed_ebur128_0 @ 0x142616440] t: 27.099979  TARGET:-23 LUFS    M: -11.8 S: -16.7     I: -17.5 LUFS       LRA:   6.1 LU  FTPK:  -6.4  -6.4 dBFS  TPK:  -2.0  -2.0 dBFS
[Parsed_ebur128_0 @ 0x142616440] t: 27.199979  TARGET:-23 LUFS    M: -12.2 S: -16.4     I: -17.5 LUFS       LRA:   6.1 LU  FTPK:  -5.8  -5.8 dBFS  TPK:  -2.0  -2.0 dBFS
[Parsed_ebur128_0 @ 0x142616440] t: 27.299979  TARGET:-23 LUFS    M: -12.9 S: -16.1     I: -17.5 LUFS       LRA:   6.1 LU  FTPK:  -6.3  -6.3 dBFS  TPK:  -2.0  -2.0 dBFS
[Parsed_ebur128_0 @ 0x142616440] t: 27.399979  TARGET:-23 LUFS    M: -13.5 S: -15.9     I: -17.4 LUFS       LRA:   6.0 LU  FTPK:  -6.0  -6.1 dBFS  TPK:  -2.0  -2.0 dBFS
[Parsed_ebur128_0 @ 0x142616440] t: 27.499979  TARGET:-23 LUFS    M: -12.6 S: -15.6     I: -17.4 LUFS       LRA:   6.0 LU  FTPK:  -4.0  -3.8 dBFS  TPK:  -2.0  -2.0 dBFS
[Parsed_ebur128_0 @ 0x142616440] t: 27.599979  TARGET:-23 LUFS    M: -13.4 S: -15.6     I: -17.4 LUFS       LRA:   6.0 LU  FTPK: -11.2 -11.2 dBFS  TPK:  -2.0  -2.0 dBFS
[Parsed_ebur128_0 @ 0x142616440] t: 27.699979  TARGET:-23 LUFS    M: -14.8 S: -15.6     I: -17.4 LUFS       LRA:   6.0 LU  FTPK: -20.6 -20.9 dBFS  TPK:  -2.0  -2.0 dBFS
[Parsed_ebur128_0 @ 0x142616440] t: 27.799979  TARGET:-23 LUFS    M: -15.8 S: -15.5     I: -17.4 LUFS       LRA:   6.0 LU  FTPK: -11.4 -11.2 dBFS  TPK:  -2.0  -2.0 dBFS
[Parsed_ebur128_0 @ 0x142616440] t: 27.899979  TARGET:-23 LUFS    M: -21.3 S: -15.5     I: -17.4 LUFS       LRA:   6.0 LU  FTPK: -12.2 -11.9 dBFS  TPK:  -2.0  -2.0 dBFS
[Parsed_ebur128_0 @ 0x142616440] t: 27.999979  TARGET:-23 LUFS    M: -22.6 S: -15.5     I: -17.4 LUFS       LRA:   6.0 LU  FTPK: -22.9 -24.9 dBFS  TPK:  -2.0  -2.0 dBFS
[Parsed_ebur128_0 @ 0x142616440] t: 28.099979  TARGET:-23 LUFS    M: -22.4 S: -15.5     I: -17.4 LUFS       LRA:   6.0 LU  FTPK: -17.3 -17.4 dBFS  TPK:  -2.0  -2.0 dBFS
[Parsed_ebur128_0 @ 0x142616440] t: 28.199979  TARGET:-23 LUFS    M: -26.1 S: -15.5     I: -17.4 LUFS       LRA:   6.0 LU  FTPK: -19.6 -18.8 dBFS  TPK:  -2.0  -2.0 dBFS
[Parsed_ebur128_0 @ 0x142616440] t: 28.299979  TARGET:-23 LUFS    M: -26.9 S: -15.7     I: -17.4 LUFS       LRA:   6.0 LU  FTPK: -17.5 -19.7 dBFS  TPK:  -2.0  -2.0 dBFS
[Parsed_ebur128_0 @ 0x142616440] t: 28.399979  TARGET:-23 LUFS    M: -25.4 S: -15.7     I: -17.4 LUFS       LRA:   5.8 LU  FTPK: -15.9 -17.1 dBFS  TPK:  -2.0  -2.0 dBFS
[Parsed_ebur128_0 @ 0x142616440] t: 28.499979  TARGET:-23 LUFS    M: -24.5 S: -15.7     I: -17.5 LUFS       LRA:   5.8 LU  FTPK: -15.5 -17.0 dBFS  TPK:  -2.0  -2.0 dBFS
[Parsed_ebur128_0 @ 0x142616440] t: 28.599979  TARGET:-23 LUFS    M: -24.2 S: -15.7     I: -17.5 LUFS       LRA:   5.8 LU  FTPK: -18.4 -19.3 dBFS  TPK:  -2.0  -2.0 dBFS
[Parsed_ebur128_0 @ 0x142616440] t: 28.699979  TARGET:-23 LUFS    M: -24.1 S: -15.7     I: -17.5 LUFS       LRA:   5.8 LU  FTPK: -15.7 -16.4 dBFS  TPK:  -2.0  -2.0 dBFS
[Parsed_ebur128_0 @ 0x142616440] t: 28.799979  TARGET:-23 LUFS    M: -24.8 S: -15.8     I: -17.5 LUFS       LRA:   5.8 LU  FTPK: -18.1 -18.9 dBFS  TPK:  -2.0  -2.0 dBFS
[Parsed_ebur128_0 @ 0x142616440] t: 28.899979  TARGET:-23 LUFS    M: -26.4 S: -16.3     I: -17.5 LUFS       LRA:   5.8 LU  FTPK: -22.4 -25.4 dBFS  TPK:  -2.0  -2.0 dBFS
[Parsed_ebur128_0 @ 0x142616440] t: 28.999979  TARGET:-23 LUFS    M: -25.7 S: -16.6     I: -17.5 LUFS       LRA:   5.8 LU  FTPK: -15.7 -15.8 dBFS  TPK:  -2.0  -2.0 dBFS
[Parsed_ebur128_0 @ 0x142616440] t: 29.099979  TARGET:-23 LUFS    M: -26.5 S: -17.0     I: -17.5 LUFS       LRA:   5.8 LU  FTPK: -19.7 -20.7 dBFS  TPK:  -2.0  -2.0 dBFS
[Parsed_ebur128_0 @ 0x142616440] t: 29.199979  TARGET:-23 LUFS    M: -26.9 S: -17.3     I: -17.5 LUFS       LRA:   5.8 LU  FTPK: -22.9 -23.4 dBFS  TPK:  -2.0  -2.0 dBFS
[Parsed_ebur128_0 @ 0x142616440] t: 29.299979  TARGET:-23 LUFS    M: -24.7 S: -17.3     I: -17.6 LUFS       LRA:   5.8 LU  FTPK: -10.0 -10.0 dBFS  TPK:  -2.0  -2.0 dBFS
[Parsed_ebur128_0 @ 0x142616440] t: 29.399979  TARGET:-23 LUFS    M: -25.0 S: -17.2     I: -17.6 LUFS       LRA:   5.8 LU  FTPK: -11.4 -11.6 dBFS  TPK:  -2.0  -2.0 dBFS
[Parsed_ebur128_0 @ 0x142616440] t: 29.499979  TARGET:-23 LUFS    M: -24.8 S: -17.2     I: -17.6 LUFS       LRA:   5.8 LU  FTPK: -18.9 -19.5 dBFS  TPK:  -2.0  -2.0 dBFS
[Parsed_ebur128_0 @ 0x142616440] t: 29.599979  TARGET:-23 LUFS    M: -24.2 S: -17.3     I: -17.6 LUFS       LRA:   5.8 LU  FTPK: -17.8 -19.4 dBFS  TPK:  -2.0  -2.0 dBFS
[Parsed_ebur128_0 @ 0x142616440] t: 29.699979  TARGET:-23 LUFS    M: -24.2 S: -17.2     I: -17.6 LUFS       LRA:   5.8 LU  FTPK: -14.9 -15.5 dBFS  TPK:  -2.0  -2.0 dBFS
[Parsed_ebur128_0 @ 0x142616440] t: 29.799979  TARGET:-23 LUFS    M: -23.8 S: -17.7     I: -17.6 LUFS       LRA:   5.8 LU  FTPK: -15.8 -16.6 dBFS  TPK:  -2.0  -2.0 dBFS
[Parsed_ebur128_0 @ 0x142616440] t: 29.899979  TARGET:-23 LUFS    M: -23.4 S: -18.5     I: -17.6 LUFS       LRA:   5.8 LU  FTPK: -17.0 -17.3 dBFS  TPK:  -2.0  -2.0 dBFS
[Parsed_ebur128_0 @ 0x142616440] t: 29.999979  TARGET:-23 LUFS    M: -23.2 S: -19.3     I: -17.6 LUFS       LRA:   5.8 LU  FTPK: -17.1 -17.2 dBFS  TPK:  -2.0  -2.0 dBFS
[Parsed_ebur128_0 @ 0x142616440] t: 30.099979  TARGET:-23 LUFS    M: -21.7 S: -19.6     I: -17.7 LUFS       LRA:   5.8 LU  FTPK: -12.8 -12.8 dBFS  TPK:  -2.0  -2.0 dBFS
[Parsed_ebur128_0 @ 0x142616440] t: 30.199979  TARGET:-23 LUFS    M: -16.7 S: -19.3     I: -17.7 LUFS       LRA:   5.8 LU  FTPK:  -2.1  -2.1 dBFS  TPK:  -2.0  -2.0 dBFS
[Parsed_ebur128_0 @ 0x142616440] t: 30.299979  TARGET:-23 LUFS    M: -12.9 S: -18.5     I: -17.6 LUFS       LRA:   5.8 LU  FTPK:  -3.5  -3.5 dBFS  TPK:  -2.0  -2.0 dBFS
[Parsed_ebur128_0 @ 0x142616440] t: 30.399979  TARGET:-23 LUFS    M: -11.1 S: -17.9     I: -17.6 LUFS       LRA:   5.8 LU  FTPK:  -4.0  -4.0 dBFS  TPK:  -2.0  -2.0 dBFS
[Parsed_ebur128_0 @ 0x142616440] t: 30.499979  TARGET:-23 LUFS    M: -10.8 S: -18.3     I: -17.5 LUFS       LRA:   5.8 LU  FTPK:  -6.0  -6.0 dBFS  TPK:  -2.0  -2.0 dBFS
[Parsed_ebur128_0 @ 0x142616440] t: 30.599979  TARGET:-23 LUFS    M: -11.3 S: -18.1     I: -17.5 LUFS       LRA:   5.8 LU  FTPK:  -6.4  -6.3 dBFS  TPK:  -2.0  -2.0 dBFS
[Parsed_ebur128_0 @ 0x142616440] t: 30.699979  TARGET:-23 LUFS    M: -13.0 S: -17.9     I: -17.4 LUFS       LRA:   5.8 LU  FTPK:  -9.7 -10.1 dBFS  TPK:  -2.0  -2.0 dBFS
[Parsed_ebur128_0 @ 0x142616440] t: 30.799979  TARGET:-23 LUFS    M: -16.0 S: -17.9     I: -17.4 LUFS       LRA:   5.8 LU  FTPK: -11.6 -11.6 dBFS  TPK:  -2.0  -2.0 dBFS
[Parsed_ebur128_0 @ 0x142616440] t: 30.899979  TARGET:-23 LUFS    M: -14.8 S: -17.4     I: -17.4 LUFS       LRA:   5.8 LU  FTPK:  -5.1  -5.1 dBFS  TPK:  -2.0  -2.0 dBFS
[Parsed_ebur128_0 @ 0x142616440] t: 30.999979  TARGET:-23 LUFS    M: -14.2 S: -17.0     I: -17.4 LUFS       LRA:   5.8 LU  FTPK:  -4.6  -4.6 dBFS  TPK:  -2.0  -2.0 dBFS
[Parsed_ebur128_0 @ 0x142616440] t: 31.099979  TARGET:-23 LUFS    M: -13.9 S: -16.8     I: -17.4 LUFS       LRA:   5.8 LU  FTPK:  -6.6  -6.6 dBFS  TPK:  -2.0  -2.0 dBFS
[Parsed_ebur128_0 @ 0x142616440] t: 31.199979  TARGET:-23 LUFS    M: -13.7 S: -16.7     I: -17.4 LUFS       LRA:   5.8 LU  FTPK: -11.6 -11.5 dBFS  TPK:  -2.0  -2.0 dBFS
[Parsed_ebur128_0 @ 0x142616440] t: 31.299979  TARGET:-23 LUFS    M: -15.2 S: -16.6     I: -17.4 LUFS       LRA:   5.8 LU  FTPK: -11.5 -11.4 dBFS  TPK:  -2.0  -2.0 dBFS
[Parsed_ebur128_0 @ 0x142616440] t: 31.399979  TARGET:-23 LUFS    M: -17.6 S: -16.6     I: -17.4 LUFS       LRA:   5.5 LU  FTPK: -18.7 -18.6 dBFS  TPK:  -2.0  -2.0 dBFS
[Parsed_ebur128_0 @ 0x142616440] t: 31.499979  TARGET:-23 LUFS    M: -19.9 S: -16.6     I: -17.4 LUFS       LRA:   5.5 LU  FTPK: -12.1 -12.2 dBFS  TPK:  -2.0  -2.0 dBFS
[Parsed_ebur128_0 @ 0x142616440] t: 31.599979  TARGET:-23 LUFS    M: -21.5 S: -16.6     I: -17.4 LUFS       LRA:   5.5 LU  FTPK: -19.1 -18.7 dBFS  TPK:  -2.0  -2.0 dBFS
[Parsed_ebur128_0 @ 0x142616440] t: 31.699979  TARGET:-23 LUFS    M: -23.1 S: -16.6     I: -17.4 LUFS       LRA:   5.5 LU  FTPK: -17.3 -17.1 dBFS  TPK:  -2.0  -2.0 dBFS
[Parsed_ebur128_0 @ 0x142616440] t: 31.799979  TARGET:-23 LUFS    M: -22.2 S: -16.6     I: -17.4 LUFS       LRA:   5.5 LU  FTPK: -13.7 -13.1 dBFS  TPK:  -2.0  -2.0 dBFS
[Parsed_ebur128_0 @ 0x142616440] t: 31.899979  TARGET:-23 LUFS    M: -16.8 S: -16.1     I: -17.4 LUFS       LRA:   5.5 LU  FTPK:  -4.1  -4.1 dBFS  TPK:  -2.0  -2.0 dBFS
[Parsed_ebur128_0 @ 0x142616440] t: 31.999979  TARGET:-23 LUFS    M: -15.9 S: -16.0     I: -17.4 LUFS       LRA:   5.5 LU  FTPK: -10.6 -10.6 dBFS  TPK:  -2.0  -2.0 dBFS
[Parsed_ebur128_0 @ 0x142616440] t: 32.099979  TARGET:-23 LUFS    M: -14.7 S: -15.8     I: -17.4 LUFS       LRA:   5.5 LU  FTPK:  -7.4  -7.4 dBFS  TPK:  -2.0  -2.0 dBFS
[Parsed_ebur128_0 @ 0x142616440] t: 32.199979  TARGET:-23 LUFS    M: -13.9 S: -15.6     I: -17.4 LUFS       LRA:   5.5 LU  FTPK:  -8.0  -8.2 dBFS  TPK:  -2.0  -2.0 dBFS
[Parsed_ebur128_0 @ 0x142616440] t: 32.299979  TARGET:-23 LUFS    M: -15.4 S: -15.6     I: -17.3 LUFS       LRA:   5.5 LU  FTPK: -11.0 -11.0 dBFS  TPK:  -2.0  -2.0 dBFS
[Parsed_ebur128_0 @ 0x142616440] t: 32.399979  TARGET:-23 LUFS    M: -16.2 S: -15.6     I: -17.3 LUFS       LRA:   5.5 LU  FTPK: -25.9 -26.8 dBFS  TPK:  -2.0  -2.0 dBFS
[Parsed_ebur128_0 @ 0x142616440] t: 32.499979  TARGET:-23 LUFS    M: -18.3 S: -15.6     I: -17.3 LUFS       LRA:   5.5 LU  FTPK: -19.3 -20.0 dBFS  TPK:  -2.0  -2.0 dBFS
[Parsed_ebur128_0 @ 0x142616440] t: 32.599979  TARGET:-23 LUFS    M: -21.4 S: -15.6     I: -17.4 LUFS       LRA:   5.5 LU  FTPK: -18.8 -19.4 dBFS  TPK:  -2.0  -2.0 dBFS
[Parsed_ebur128_0 @ 0x142616440] t: 32.699979  TARGET:-23 LUFS    M: -26.9 S: -15.6     I: -17.4 LUFS       LRA:   5.5 LU  FTPK: -17.8 -19.5 dBFS  TPK:  -2.0  -2.0 dBFS
[Parsed_ebur128_0 @ 0x142616440] t: 32.799979  TARGET:-23 LUFS    M: -24.7 S: -15.6     I: -17.4 LUFS       LRA:   5.5 LU  FTPK: -14.9 -15.1 dBFS  TPK:  -2.0  -2.0 dBFS
[Parsed_ebur128_0 @ 0x142616440] t: 32.899979  TARGET:-23 LUFS    M: -24.2 S: -15.6     I: -17.4 LUFS       LRA:   5.5 LU  FTPK: -15.7 -15.5 dBFS  TPK:  -2.0  -2.0 dBFS
[Parsed_ebur128_0 @ 0x142616440] t: 32.999979  TARGET:-23 LUFS    M: -24.6 S: -15.6     I: -17.4 LUFS       LRA:   5.5 LU  FTPK: -18.3 -18.5 dBFS  TPK:  -2.0  -2.0 dBFS
[Parsed_ebur128_0 @ 0x142616440] t: 33.099979  TARGET:-23 LUFS    M: -24.2 S: -15.7     I: -17.4 LUFS       LRA:   5.5 LU  FTPK: -17.5 -18.0 dBFS  TPK:  -2.0  -2.0 dBFS
[Parsed_ebur128_0 @ 0x142616440] t: 33.199979  TARGET:-23 LUFS    M: -25.1 S: -16.0     I: -17.4 LUFS       LRA:   5.5 LU  FTPK: -18.5 -20.1 dBFS  TPK:  -2.0  -2.0 dBFS
[Parsed_ebur128_0 @ 0x142616440] t: 33.299979  TARGET:-23 LUFS    M: -25.8 S: -16.7     I: -17.4 LUFS       LRA:   5.5 LU  FTPK: -21.8 -22.1 dBFS  TPK:  -2.0  -2.0 dBFS
[Parsed_ebur128_0 @ 0x142616440] t: 33.399979  TARGET:-23 LUFS    M: -24.8 S: -17.5     I: -17.4 LUFS       LRA:   5.5 LU  FTPK: -15.0 -15.1 dBFS  TPK:  -2.0  -2.0 dBFS
[Parsed_ebur128_0 @ 0x142616440] t: 33.499979  TARGET:-23 LUFS    M: -24.2 S: -17.8     I: -17.5 LUFS       LRA:   5.5 LU  FTPK: -16.4 -16.2 dBFS  TPK:  -2.0  -2.0 dBFS
[Parsed_ebur128_0 @ 0x142616440] t: 33.599979  TARGET:-23 LUFS    M: -24.0 S: -18.0     I: -17.5 LUFS       LRA:   5.5 LU  FTPK: -17.7 -19.1 dBFS  TPK:  -2.0  -2.0 dBFS
[Parsed_ebur128_0 @ 0x142616440] t: 33.699979  TARGET:-23 LUFS    M: -23.7 S: -18.2     I: -17.5 LUFS       LRA:   5.5 LU  FTPK: -17.7 -19.8 dBFS  TPK:  -2.0  -2.0 dBFS
[Parsed_ebur128_0 @ 0x142616440] t: 33.799979  TARGET:-23 LUFS    M: -24.4 S: -18.3     I: -17.5 LUFS       LRA:   5.5 LU  FTPK: -18.3 -19.3 dBFS  TPK:  -2.0  -2.0 dBFS
[Parsed_ebur128_0 @ 0x142616440] t: 33.899979  TARGET:-23 LUFS    M: -25.9 S: -19.0     I: -17.5 LUFS       LRA:   5.5 LU  FTPK: -20.5 -20.9 dBFS  TPK:  -2.0  -2.0 dBFS
[Parsed_ebur128_0 @ 0x142616440] t: 33.999979  TARGET:-23 LUFS    M: -24.5 S: -19.5     I: -17.5 LUFS       LRA:   5.4 LU  FTPK: -14.6 -14.7 dBFS  TPK:  -2.0  -2.0 dBFS
[Parsed_ebur128_0 @ 0x142616440] t: 34.099979  TARGET:-23 LUFS    M: -23.3 S: -19.9     I: -17.5 LUFS       LRA:   5.4 LU  FTPK: -14.8 -15.3 dBFS  TPK:  -2.0  -2.0 dBFS
[Parsed_ebur128_0 @ 0x142616440] t: 34.199979  TARGET:-23 LUFS    M: -22.6 S: -20.1     I: -17.5 LUFS       LRA:   5.4 LU  FTPK: -17.0 -17.2 dBFS  TPK:  -2.0  -2.0 dBFS
[Parsed_ebur128_0 @ 0x142616440] t: 34.299979  TARGET:-23 LUFS    M: -22.0 S: -20.2     I: -17.5 LUFS       LRA:   5.4 LU  FTPK: -17.8 -17.1 dBFS  TPK:  -2.0  -2.0 dBFS
[Parsed_ebur128_0 @ 0x142616440] t: 34.399979  TARGET:-23 LUFS    M: -22.8 S: -20.2     I: -17.5 LUFS       LRA:   5.4 LU  FTPK: -19.1 -17.1 dBFS  TPK:  -2.0  -2.0 dBFS
[Parsed_ebur128_0 @ 0x142616440] t: 34.499979  TARGET:-23 LUFS    M: -23.5 S: -20.3     I: -17.6 LUFS       LRA:   5.4 LU  FTPK: -15.8 -15.0 dBFS  TPK:  -2.0  -2.0 dBFS
[Parsed_ebur128_0 @ 0x142616440] t: 34.599979  TARGET:-23 LUFS    M: -24.0 S: -20.3     I: -17.6 LUFS       LRA:   5.4 LU  FTPK: -17.1 -16.6 dBFS  TPK:  -2.0  -2.0 dBFS
[Parsed_ebur128_0 @ 0x142616440] t: 34.699979  TARGET:-23 LUFS    M: -22.4 S: -20.2     I: -17.6 LUFS       LRA:   5.4 LU  FTPK: -12.7 -13.2 dBFS  TPK:  -2.0  -2.0 dBFS
[Parsed_ebur128_0 @ 0x142616440] t: 34.799979  TARGET:-23 LUFS    M: -21.4 S: -20.1     I: -17.6 LUFS       LRA:   5.4 LU  FTPK: -14.0 -15.1 dBFS  TPK:  -2.0  -2.0 dBFS
[Parsed_ebur128_0 @ 0x142616440] t: 34.899979  TARGET:-23 LUFS    M: -21.0 S: -21.2     I: -17.6 LUFS       LRA:   5.4 LU  FTPK: -14.7 -15.8 dBFS  TPK:  -2.0  -2.0 dBFS
[Parsed_ebur128_0 @ 0x142616440] t: 34.999979  TARGET:-23 LUFS    M: -20.5 S: -21.4     I: -17.6 LUFS       LRA:   5.4 LU  FTPK: -14.8 -13.7 dBFS  TPK:  -2.0  -2.0 dBFS
[Parsed_ebur128_0 @ 0x142616440] t: 35.099979  TARGET:-23 LUFS    M: -21.4 S: -22.1     I: -17.6 LUFS       LRA:   5.4 LU  FTPK: -15.6 -16.7 dBFS  TPK:  -2.0  -2.0 dBFS
[Parsed_ebur128_0 @ 0x142616440] t: 35.199979  TARGET:-23 LUFS    M: -22.2 S: -22.9     I: -17.6 LUFS       LRA:   5.7 LU  FTPK: -16.7 -16.6 dBFS  TPK:  -2.0  -2.0 dBFS
[Parsed_ebur128_0 @ 0x142616440] t: 35.299979  TARGET:-23 LUFS    M: -20.2 S: -22.9     I: -17.6 LUFS       LRA:   5.7 LU  FTPK:  -9.1  -8.6 dBFS  TPK:  -2.0  -2.0 dBFS
[Parsed_ebur128_0 @ 0x142616440] t: 35.399979  TARGET:-23 LUFS    M: -20.7 S: -22.9     I: -17.6 LUFS       LRA:   5.7 LU  FTPK: -16.8 -16.5 dBFS  TPK:  -2.0  -2.0 dBFS
[Parsed_ebur128_0 @ 0x142616440] t: 35.499979  TARGET:-23 LUFS    M: -21.1 S: -22.9     I: -17.6 LUFS       LRA:   5.7 LU  FTPK: -20.1 -21.3 dBFS  TPK:  -2.0  -2.0 dBFS
[Parsed_ebur128_0 @ 0x142616440] t: 35.599979  TARGET:-23 LUFS    M: -20.9 S: -22.8     I: -17.6 LUFS       LRA:   5.8 LU  FTPK: -12.0 -11.9 dBFS  TPK:  -2.0  -2.0 dBFS
[Parsed_ebur128_0 @ 0x142616440] t: 35.699979  TARGET:-23 LUFS    M: -22.5 S: -22.6     I: -17.6 LUFS       LRA:   5.9 LU  FTPK: -11.8 -12.1 dBFS  TPK:  -2.0  -2.0 dBFS
[Parsed_ebur128_0 @ 0x142616440] t: 35.799979  TARGET:-23 LUFS    M: -21.8 S: -22.5     I: -17.7 LUFS       LRA:   6.0 LU  FTPK: -15.5 -15.5 dBFS  TPK:  -2.0  -2.0 dBFS
[Parsed_ebur128_0 @ 0x142616440] t: 35.899979  TARGET:-23 LUFS    M: -21.9 S: -22.6     I: -17.7 LUFS       LRA:   6.0 LU  FTPK: -17.9 -19.7 dBFS  TPK:  -2.0  -2.0 dBFS
[Parsed_ebur128_0 @ 0x142616440] t: 35.999979  TARGET:-23 LUFS    M: -21.2 S: -22.3     I: -17.7 LUFS       LRA:   5.9 LU  FTPK: -12.7 -12.6 dBFS  TPK:  -2.0  -2.0 dBFS
[Parsed_ebur128_0 @ 0x142616440] t: 36.099979  TARGET:-23 LUFS    M: -21.6 S: -22.3     I: -17.7 LUFS       LRA:   5.9 LU  FTPK: -13.2 -14.9 dBFS  TPK:  -2.0  -2.0 dBFS
[Parsed_ebur128_0 @ 0x142616440] t: 36.199979  TARGET:-23 LUFS    M: -21.7 S: -22.2     I: -17.7 LUFS       LRA:   5.9 LU  FTPK: -16.0 -16.5 dBFS  TPK:  -2.0  -2.0 dBFS
[Parsed_ebur128_0 @ 0x142616440] t: 36.299979  TARGET:-23 LUFS    M: -21.1 S: -22.1     I: -17.7 LUFS       LRA:   5.9 LU  FTPK: -15.3 -16.8 dBFS  TPK:  -2.0  -2.0 dBFS
[Parsed_ebur128_0 @ 0x142616440] t: 36.399979  TARGET:-23 LUFS    M: -22.3 S: -22.1     I: -17.7 LUFS       LRA:   5.9 LU  FTPK: -16.4 -18.3 dBFS  TPK:  -2.0  -2.0 dBFS
[Parsed_ebur128_0 @ 0x142616440] t: 36.499979  TARGET:-23 LUFS    M: -22.2 S: -22.0     I: -17.7 LUFS       LRA:   6.0 LU  FTPK: -11.1 -11.6 dBFS  TPK:  -2.0  -2.0 dBFS
[Parsed_ebur128_0 @ 0x142616440] t: 36.599979  TARGET:-23 LUFS    M: -23.2 S: -22.1     I: -17.7 LUFS       LRA:   6.0 LU  FTPK: -19.4 -19.4 dBFS  TPK:  -2.0  -2.0 dBFS
[Parsed_ebur128_0 @ 0x142616440] t: 36.699979  TARGET:-23 LUFS    M: -23.6 S: -22.1     I: -17.7 LUFS       LRA:   6.0 LU  FTPK: -17.6 -18.0 dBFS  TPK:  -2.0  -2.0 dBFS
[Parsed_ebur128_0 @ 0x142616440] t: 36.799979  TARGET:-23 LUFS    M: -23.2 S: -22.0     I: -17.7 LUFS       LRA:   6.0 LU  FTPK: -16.5 -17.4 dBFS  TPK:  -2.0  -2.0 dBFS
[Parsed_ebur128_0 @ 0x142616440] t: 36.899979  TARGET:-23 LUFS    M: -24.6 S: -22.0     I: -17.7 LUFS       LRA:   6.0 LU  FTPK: -18.4 -18.5 dBFS  TPK:  -2.0  -2.0 dBFS
[Parsed_ebur128_0 @ 0x142616440] t: 36.999979  TARGET:-23 LUFS    M: -24.3 S: -22.1     I: -17.8 LUFS       LRA:   6.0 LU  FTPK: -19.1 -18.1 dBFS  TPK:  -2.0  -2.0 dBFS
[Parsed_ebur128_0 @ 0x142616440] t: 37.099979  TARGET:-23 LUFS    M: -15.4 S: -20.2     I: -17.7 LUFS       LRA:   6.0 LU  FTPK:  -1.5  -1.5 dBFS  TPK:  -1.5  -1.5 dBFS
[Parsed_ebur128_0 @ 0x142616440] t: 37.199979  TARGET:-23 LUFS    M: -15.1 S: -20.1     I: -17.7 LUFS       LRA:   6.0 LU  FTPK:  -5.7  -5.7 dBFS  TPK:  -1.5  -1.5 dBFS
[Parsed_ebur128_0 @ 0x142616440] t: 37.299979  TARGET:-23 LUFS    M: -13.8 S: -19.6     I: -17.7 LUFS       LRA:   6.0 LU  FTPK:  -3.2  -3.2 dBFS  TPK:  -1.5  -1.5 dBFS
[Parsed_ebur128_0 @ 0x142616440] t: 37.399979  TARGET:-23 LUFS    M: -12.7 S: -19.0     I: -17.7 LUFS       LRA:   6.0 LU  FTPK:  -3.8  -4.5 dBFS  TPK:  -1.5  -1.5 dBFS
[Parsed_ebur128_0 @ 0x142616440] t: 37.499979  TARGET:-23 LUFS    M: -14.0 S: -18.5     I: -17.7 LUFS       LRA:   6.0 LU  FTPK:  -2.5  -2.4 dBFS  TPK:  -1.5  -1.5 dBFS
[Parsed_ebur128_0 @ 0x142616440] t: 37.599979  TARGET:-23 LUFS    M: -12.4 S: -17.7     I: -17.6 LUFS       LRA:   6.0 LU  FTPK:  -1.5  -1.5 dBFS  TPK:  -1.5  -1.5 dBFS
[Parsed_ebur128_0 @ 0x142616440] t: 37.699979  TARGET:-23 LUFS    M: -13.1 S: -17.7     I: -17.6 LUFS       LRA:   6.0 LU  FTPK: -12.9 -12.8 dBFS  TPK:  -1.5  -1.5 dBFS
[Parsed_ebur128_0 @ 0x142616440] t: 37.799979  TARGET:-23 LUFS    M: -14.2 S: -17.7     I: -17.6 LUFS       LRA:   6.0 LU  FTPK: -11.6 -11.8 dBFS  TPK:  -1.5  -1.5 dBFS
[Parsed_ebur128_0 @ 0x142616440] t: 37.899979  TARGET:-23 LUFS    M: -15.8 S: -17.8     I: -17.6 LUFS       LRA:   6.0 LU  FTPK: -18.4 -18.3 dBFS  TPK:  -1.5  -1.5 dBFS
[Parsed_ebur128_0 @ 0x142616440] t: 37.999979  TARGET:-23 LUFS    M: -22.3 S: -17.8     I: -17.6 LUFS       LRA:   6.0 LU  FTPK: -15.7 -14.9 dBFS  TPK:  -1.5  -1.5 dBFS
[Parsed_ebur128_0 @ 0x142616440] t: 38.099979  TARGET:-23 LUFS    M: -22.7 S: -17.8     I: -17.6 LUFS       LRA:   6.0 LU  FTPK: -13.4 -13.1 dBFS  TPK:  -1.5  -1.5 dBFS
[Parsed_ebur128_0 @ 0x142616440] t: 38.199979  TARGET:-23 LUFS    M: -18.9 S: -17.5     I: -17.6 LUFS       LRA:   6.0 LU  FTPK:  -8.8  -8.7 dBFS  TPK:  -1.5  -1.5 dBFS
[Parsed_ebur128_0 @ 0x142616440] t: 38.299979  TARGET:-23 LUFS    M: -16.1 S: -17.3     I: -17.6 LUFS       LRA:   6.0 LU  FTPK:  -8.2  -8.3 dBFS  TPK:  -1.5  -1.5 dBFS
[Parsed_ebur128_0 @ 0x142616440] t: 38.399979  TARGET:-23 LUFS    M: -13.6 S: -16.7     I: -17.6 LUFS       LRA:   6.0 LU  FTPK:  -6.3  -6.3 dBFS  TPK:  -1.5  -1.5 dBFS
[Parsed_ebur128_0 @ 0x142616440] t: 38.499979  TARGET:-23 LUFS    M: -12.7 S: -16.4     I: -17.6 LUFS       LRA:   6.0 LU  FTPK:  -7.1  -7.3 dBFS  TPK:  -1.5  -1.5 dBFS
[Parsed_ebur128_0 @ 0x142616440] t: 38.599979  TARGET:-23 LUFS    M: -13.4 S: -16.4     I: -17.6 LUFS       LRA:   6.0 LU  FTPK: -13.1 -13.0 dBFS  TPK:  -1.5  -1.5 dBFS
[Parsed_ebur128_0 @ 0x142616440] t: 38.699979  TARGET:-23 LUFS    M: -14.6 S: -16.5     I: -17.5 LUFS       LRA:   6.0 LU  FTPK: -13.6 -13.8 dBFS  TPK:  -1.5  -1.5 dBFS
[Parsed_ebur128_0 @ 0x142616440] t: 38.799979  TARGET:-23 LUFS    M: -18.1 S: -16.5     I: -17.5 LUFS       LRA:   6.0 LU  FTPK: -16.7 -17.9 dBFS  TPK:  -1.5  -1.5 dBFS
[Parsed_ebur128_0 @ 0x142616440] t: 38.899979  TARGET:-23 LUFS    M: -24.1 S: -16.5     I: -17.6 LUFS       LRA:   6.0 LU  FTPK: -17.6 -18.1 dBFS  TPK:  -1.5  -1.5 dBFS
[Parsed_ebur128_0 @ 0x142616440] t: 38.999979  TARGET:-23 LUFS    M: -25.1 S: -16.6     I: -17.6 LUFS       LRA:   6.0 LU  FTPK: -19.6 -20.2 dBFS  TPK:  -1.5  -1.5 dBFS
[Parsed_ebur128_0 @ 0x142616440] t: 39.099979  TARGET:-23 LUFS    M: -23.4 S: -16.5     I: -17.6 LUFS       LRA:   6.0 LU  FTPK:  -5.6  -5.7 dBFS  TPK:  -1.5  -1.5 dBFS
[Parsed_ebur128_0 @ 0x142616440] t: 39.199979  TARGET:-23 LUFS    M: -24.0 S: -16.6     I: -17.6 LUFS       LRA:   6.0 LU  FTPK: -20.5 -19.9 dBFS  TPK:  -1.5  -1.5 dBFS
[Parsed_ebur128_0 @ 0x142616440] t: 39.299979  TARGET:-23 LUFS    M: -24.5 S: -16.6     I: -17.6 LUFS       LRA:   6.0 LU  FTPK: -22.0 -21.3 dBFS  TPK:  -1.5  -1.5 dBFS
[Parsed_ebur128_0 @ 0x142616440] t: 39.399979  TARGET:-23 LUFS    M: -17.1 S: -16.2     I: -17.6 LUFS       LRA:   6.0 LU  FTPK:  -3.1  -3.2 dBFS  TPK:  -1.5  -1.5 dBFS
[Parsed_ebur128_0 @ 0x142616440] t: 39.499979  TARGET:-23 LUFS    M: -13.3 S: -15.6     I: -17.6 LUFS       LRA:   6.0 LU  FTPK:  -2.5  -2.5 dBFS  TPK:  -1.5  -1.5 dBFS
[Parsed_ebur128_0 @ 0x142616440] t: 39.599979  TARGET:-23 LUFS    M: -12.2 S: -15.3     I: -17.5 LUFS       LRA:   6.0 LU  FTPK:  -4.4  -4.4 dBFS  TPK:  -1.5  -1.5 dBFS
[Parsed_ebur128_0 @ 0x142616440] t: 39.699979  TARGET:-23 LUFS    M: -12.1 S: -15.3     I: -17.5 LUFS       LRA:   6.0 LU  FTPK: -15.0 -15.3 dBFS  TPK:  -1.5  -1.5 dBFS
[Parsed_ebur128_0 @ 0x142616440] t: 39.799979  TARGET:-23 LUFS    M: -13.3 S: -15.3     I: -17.5 LUFS       LRA:   6.1 LU  FTPK:  -8.9  -8.8 dBFS  TPK:  -1.5  -1.5 dBFS
[Parsed_ebur128_0 @ 0x142616440] t: 39.899979  TARGET:-23 LUFS    M: -17.1 S: -15.3     I: -17.5 LUFS       LRA:   6.1 LU  FTPK: -11.3 -11.6 dBFS  TPK:  -1.5  -1.5 dBFS
[Parsed_ebur128_0 @ 0x142616440] t: 39.999979  TARGET:-23 LUFS    M: -20.5 S: -15.2     I: -17.5 LUFS       LRA:   6.1 LU  FTPK:  -5.2  -5.0 dBFS  TPK:  -1.5  -1.5 dBFS
[Parsed_ebur128_0 @ 0x142616440] t: 40.099979  TARGET:-23 LUFS    M: -18.9 S: -15.6     I: -17.5 LUFS       LRA:   6.1 LU  FTPK:  -4.8  -4.8 dBFS  TPK:  -1.5  -1.5 dBFS
[Parsed_ebur128_0 @ 0x142616440] t: 40.199979  TARGET:-23 LUFS    M: -19.1 S: -15.7     I: -17.5 LUFS       LRA:   6.1 LU  FTPK: -12.4 -12.3 dBFS  TPK:  -1.5  -1.5 dBFS
[Parsed_ebur128_0 @ 0x142616440] t: 40.299979  TARGET:-23 LUFS    M: -19.4 S: -15.9     I: -17.5 LUFS       LRA:   6.1 LU  FTPK: -12.4 -12.5 dBFS  TPK:  -1.5  -1.5 dBFS
[Parsed_ebur128_0 @ 0x142616440] t: 40.399979  TARGET:-23 LUFS    M: -20.3 S: -16.2     I: -17.5 LUFS       LRA:   6.1 LU  FTPK: -16.9 -17.4 dBFS  TPK:  -1.5  -1.5 dBFS
[Parsed_ebur128_0 @ 0x142616440] t: 40.499979  TARGET:-23 LUFS    M: -22.3 S: -16.4     I: -17.5 LUFS       LRA:   6.1 LU  FTPK: -16.3 -16.8 dBFS  TPK:  -1.5  -1.5 dBFS
[Parsed_ebur128_0 @ 0x142616440] t: 40.599979  TARGET:-23 LUFS    M: -23.2 S: -17.0     I: -17.5 LUFS       LRA:   6.1 LU  FTPK: -17.9 -19.3 dBFS  TPK:  -1.5  -1.5 dBFS
[Parsed_ebur128_0 @ 0x142616440] t: 40.699979  TARGET:-23 LUFS    M: -23.5 S: -17.0     I: -17.5 LUFS       LRA:   6.1 LU  FTPK: -16.9 -17.0 dBFS  TPK:  -1.5  -1.5 dBFS
[Parsed_ebur128_0 @ 0x142616440] t: 40.799979  TARGET:-23 LUFS    M: -17.6 S: -16.7     I: -17.5 LUFS       LRA:   6.1 LU  FTPK:  -6.0  -6.0 dBFS  TPK:  -1.5  -1.5 dBFS
[Parsed_ebur128_0 @ 0x142616440] t: 40.899979  TARGET:-23 LUFS    M: -13.8 S: -16.1     I: -17.5 LUFS       LRA:   6.1 LU  FTPK:  -1.5  -1.5 dBFS  TPK:  -1.5  -1.5 dBFS
[Parsed_ebur128_0 @ 0x142616440] t: 40.999979  TARGET:-23 LUFS    M: -13.1 S: -15.9     I: -17.5 LUFS       LRA:   6.1 LU  FTPK:  -4.1  -4.1 dBFS  TPK:  -1.5  -1.5 dBFS
[Parsed_ebur128_0 @ 0x142616440] t: 41.099979  TARGET:-23 LUFS    M: -13.0 S: -15.9     I: -17.5 LUFS       LRA:   6.1 LU  FTPK: -13.0 -13.0 dBFS  TPK:  -1.5  -1.5 dBFS
[Parsed_ebur128_0 @ 0x142616440] t: 41.199979  TARGET:-23 LUFS    M: -14.4 S: -16.1     I: -17.5 LUFS       LRA:   6.1 LU  FTPK: -21.6 -21.4 dBFS  TPK:  -1.5  -1.5 dBFS
[Parsed_ebur128_0 @ 0x142616440] t: 41.299979  TARGET:-23 LUFS    M: -19.8 S: -16.4     I: -17.5 LUFS       LRA:   6.1 LU  FTPK: -18.5 -18.7 dBFS  TPK:  -1.5  -1.5 dBFS
[Parsed_ebur128_0 @ 0x142616440] t: 41.399979  TARGET:-23 LUFS    M: -25.3 S: -16.9     I: -17.5 LUFS       LRA:   6.1 LU  FTPK: -18.3 -18.5 dBFS  TPK:  -1.5  -1.5 dBFS
[Parsed_ebur128_0 @ 0x142616440] t: 41.499979  TARGET:-23 LUFS    M: -28.0 S: -17.3     I: -17.5 LUFS       LRA:   6.1 LU  FTPK: -23.2 -22.9 dBFS  TPK:  -1.5  -1.5 dBFS
[Parsed_ebur128_0 @ 0x142616440] t: 41.599979  TARGET:-23 LUFS    M: -26.2 S: -17.3     I: -17.5 LUFS       LRA:   6.1 LU  FTPK: -14.7 -14.5 dBFS  TPK:  -1.5  -1.5 dBFS
frame=  981 fps=0.0 q=-0.0 size=N/A time=00:00:40.87 bitrate=N/A speed=80.9x    [Parsed_ebur128_0 @ 0x142616440] t: 41.699979  TARGET:-23 LUFS    M: -24.7 S: -17.3     I: -17.5 LUFS       LRA:   6.1 LU  FTPK: -15.5 -15.7 dBFS  TPK:  -1.5  -1.5 dBFS
[Parsed_ebur128_0 @ 0x142616440] t: 41.799979  TARGET:-23 LUFS    M: -20.2 S: -17.1     I: -17.5 LUFS       LRA:   6.1 LU  FTPK:  -4.6  -4.8 dBFS  TPK:  -1.5  -1.5 dBFS
[Parsed_ebur128_0 @ 0x142616440] t: 41.899979  TARGET:-23 LUFS    M: -15.9 S: -16.7     I: -17.5 LUFS       LRA:   6.1 LU  FTPK:  -5.1  -5.1 dBFS  TPK:  -1.5  -1.5 dBFS
[Parsed_ebur128_0 @ 0x142616440] t: 41.999979  TARGET:-23 LUFS    M: -13.5 S: -16.2     I: -17.5 LUFS       LRA:   6.1 LU  FTPK:  -4.2  -4.1 dBFS  TPK:  -1.5  -1.5 dBFS
[Parsed_ebur128_0 @ 0x142616440] t: 42.099979  TARGET:-23 LUFS    M: -11.6 S: -15.6     I: -17.5 LUFS       LRA:   6.1 LU  FTPK:  -2.1  -2.1 dBFS  TPK:  -1.5  -1.5 dBFS
[Parsed_ebur128_0 @ 0x142616440] t: 42.199979  TARGET:-23 LUFS    M: -11.6 S: -15.5     I: -17.4 LUFS       LRA:   6.1 LU  FTPK:  -8.3  -8.2 dBFS  TPK:  -1.5  -1.5 dBFS
[Parsed_ebur128_0 @ 0x142616440] t: 42.299979  TARGET:-23 LUFS    M: -12.1 S: -15.3     I: -17.4 LUFS       LRA:   6.1 LU  FTPK:  -6.6  -6.6 dBFS  TPK:  -1.5  -1.5 dBFS
[Parsed_ebur128_0 @ 0x142616440] t: 42.399979  TARGET:-23 LUFS    M: -13.1 S: -15.5     I: -17.4 LUFS       LRA:   6.1 LU  FTPK:  -8.6  -8.8 dBFS  TPK:  -1.5  -1.5 dBFS
[Parsed_ebur128_0 @ 0x142616440] t: 42.499979  TARGET:-23 LUFS    M: -16.0 S: -16.1     I: -17.4 LUFS       LRA:   6.1 LU  FTPK: -11.7 -11.8 dBFS  TPK:  -1.5  -1.5 dBFS
[Parsed_ebur128_0 @ 0x142616440] t: 42.599979  TARGET:-23 LUFS    M: -16.8 S: -16.4     I: -17.4 LUFS       LRA:   6.1 LU  FTPK: -11.8 -11.4 dBFS  TPK:  -1.5  -1.5 dBFS
[Parsed_ebur128_0 @ 0x142616440] t: 42.699979  TARGET:-23 LUFS    M: -18.9 S: -16.4     I: -17.4 LUFS       LRA:   6.1 LU  FTPK: -17.5 -17.3 dBFS  TPK:  -1.5  -1.5 dBFS
[Parsed_ebur128_0 @ 0x142616440] t: 42.799979  TARGET:-23 LUFS    M: -21.9 S: -16.4     I: -17.4 LUFS       LRA:   6.1 LU  FTPK: -16.5 -16.8 dBFS  TPK:  -1.5  -1.5 dBFS
[Parsed_ebur128_0 @ 0x142616440] t: 42.899979  TARGET:-23 LUFS    M: -22.5 S: -16.5     I: -17.4 LUFS       LRA:   6.1 LU  FTPK: -16.1 -16.7 dBFS  TPK:  -1.5  -1.5 dBFS
[Parsed_ebur128_0 @ 0x142616440] t: 42.999979  TARGET:-23 LUFS    M: -23.0 S: -16.5     I: -17.4 LUFS       LRA:   6.1 LU  FTPK: -16.6 -17.3 dBFS  TPK:  -1.5  -1.5 dBFS
[Parsed_ebur128_0 @ 0x142616440] t: 43.099979  TARGET:-23 LUFS    M: -23.2 S: -16.6     I: -17.4 LUFS       LRA:   6.1 LU  FTPK: -17.8 -16.5 dBFS  TPK:  -1.5  -1.5 dBFS
[Parsed_ebur128_0 @ 0x142616440] t: 43.199979  TARGET:-23 LUFS    M: -23.1 S: -16.6     I: -17.4 LUFS       LRA:   6.1 LU  FTPK: -16.7 -16.7 dBFS  TPK:  -1.5  -1.5 dBFS
[Parsed_ebur128_0 @ 0x142616440] t: 43.299979  TARGET:-23 LUFS    M: -23.7 S: -16.7     I: -17.4 LUFS       LRA:   6.1 LU  FTPK: -16.7 -17.3 dBFS  TPK:  -1.5  -1.5 dBFS
[Parsed_ebur128_0 @ 0x142616440] t: 43.399979  TARGET:-23 LUFS    M: -23.9 S: -16.6     I: -17.4 LUFS       LRA:   6.1 LU  FTPK: -16.8 -17.6 dBFS  TPK:  -1.5  -1.5 dBFS
[Parsed_ebur128_0 @ 0x142616440] t: 43.499979  TARGET:-23 LUFS    M: -23.3 S: -16.6     I: -17.4 LUFS       LRA:   6.1 LU  FTPK: -16.0 -16.5 dBFS  TPK:  -1.5  -1.5 dBFS
[Parsed_ebur128_0 @ 0x142616440] t: 43.599979  TARGET:-23 LUFS    M: -23.7 S: -16.6     I: -17.5 LUFS       LRA:   6.1 LU  FTPK: -15.9 -15.5 dBFS  TPK:  -1.5  -1.5 dBFS
[Parsed_ebur128_0 @ 0x142616440] t: 43.699979  TARGET:-23 LUFS    M: -23.6 S: -16.7     I: -17.5 LUFS       LRA:   6.1 LU  FTPK: -12.5 -12.7 dBFS  TPK:  -1.5  -1.5 dBFS
[Parsed_ebur128_0 @ 0x142616440] t: 43.799979  TARGET:-23 LUFS    M: -23.5 S: -17.0     I: -17.5 LUFS       LRA:   6.1 LU  FTPK: -16.3 -16.1 dBFS  TPK:  -1.5  -1.5 dBFS
[Parsed_ebur128_0 @ 0x142616440] t: 43.899979  TARGET:-23 LUFS    M: -23.9 S: -17.8     I: -17.5 LUFS       LRA:   6.1 LU  FTPK: -16.9 -18.0 dBFS  TPK:  -1.5  -1.5 dBFS
[Parsed_ebur128_0 @ 0x142616440] t: 43.999979  TARGET:-23 LUFS    M: -24.4 S: -18.1     I: -17.5 LUFS       LRA:   6.1 LU  FTPK: -18.3 -17.6 dBFS  TPK:  -1.5  -1.5 dBFS
[Parsed_ebur128_0 @ 0x142616440] t: 44.099979  TARGET:-23 LUFS    M: -23.1 S: -18.1     I: -17.5 LUFS       LRA:   6.1 LU  FTPK: -12.6 -12.7 dBFS  TPK:  -1.5  -1.5 dBFS
[Parsed_ebur128_0 @ 0x142616440] t: 44.199979  TARGET:-23 LUFS    M: -23.1 S: -18.0     I: -17.5 LUFS       LRA:   6.1 LU  FTPK: -15.4 -16.7 dBFS  TPK:  -1.5  -1.5 dBFS
[Parsed_ebur128_0 @ 0x142616440] t: 44.299979  TARGET:-23 LUFS    M: -23.2 S: -18.0     I: -17.5 LUFS       LRA:   6.1 LU  FTPK: -16.5 -17.1 dBFS  TPK:  -1.5  -1.5 dBFS
[Parsed_ebur128_0 @ 0x142616440] t: 44.399979  TARGET:-23 LUFS    M: -22.9 S: -18.0     I: -17.5 LUFS       LRA:   6.1 LU  FTPK: -15.1 -15.6 dBFS  TPK:  -1.5  -1.5 dBFS
[Parsed_ebur128_0 @ 0x142616440] t: 44.499979  TARGET:-23 LUFS    M: -24.8 S: -18.0     I: -17.5 LUFS       LRA:   6.1 LU  FTPK: -21.2 -21.6 dBFS  TPK:  -1.5  -1.5 dBFS
[Parsed_ebur128_0 @ 0x142616440] t: 44.599979  TARGET:-23 LUFS    M: -26.0 S: -18.0     I: -17.5 LUFS       LRA:   6.1 LU  FTPK: -22.0 -22.4 dBFS  TPK:  -1.5  -1.5 dBFS
[Parsed_ebur128_0 @ 0x142616440] t: 44.699979  TARGET:-23 LUFS    M: -23.7 S: -18.0     I: -17.5 LUFS       LRA:   6.1 LU  FTPK: -12.6 -12.6 dBFS  TPK:  -1.5  -1.5 dBFS
[Parsed_ebur128_0 @ 0x142616440] t: 44.799979  TARGET:-23 LUFS    M: -23.0 S: -18.2     I: -17.5 LUFS       LRA:   6.1 LU  FTPK: -15.3 -15.6 dBFS  TPK:  -1.5  -1.5 dBFS
[Parsed_ebur128_0 @ 0x142616440] t: 44.899979  TARGET:-23 LUFS    M: -22.1 S: -18.8     I: -17.6 LUFS       LRA:   6.1 LU  FTPK: -16.5 -15.3 dBFS  TPK:  -1.5  -1.5 dBFS
[Parsed_ebur128_0 @ 0x142616440] t: 44.999979  TARGET:-23 LUFS    M: -21.7 S: -19.7     I: -17.6 LUFS       LRA:   6.1 LU  FTPK: -16.5 -16.9 dBFS  TPK:  -1.5  -1.5 dBFS
[Parsed_ebur128_0 @ 0x142616440] t: 45.099979  TARGET:-23 LUFS    M: -23.5 S: -21.3     I: -17.6 LUFS       LRA:   6.1 LU  FTPK: -20.1 -20.4 dBFS  TPK:  -1.5  -1.5 dBFS
[Parsed_ebur128_0 @ 0x142616440] t: 45.199979  TARGET:-23 LUFS    M: -24.7 S: -21.8     I: -17.6 LUFS       LRA:   6.1 LU  FTPK: -18.6 -19.7 dBFS  TPK:  -1.5  -1.5 dBFS
[Parsed_ebur128_0 @ 0x142616440] t: 45.299979  TARGET:-23 LUFS    M: -23.9 S: -22.5     I: -17.6 LUFS       LRA:   6.1 LU  FTPK: -10.9 -10.8 dBFS  TPK:  -1.5  -1.5 dBFS
[Parsed_ebur128_0 @ 0x142616440] t: 45.399979  TARGET:-23 LUFS    M: -22.5 S: -23.0     I: -17.6 LUFS       LRA:   6.1 LU  FTPK: -12.5 -12.5 dBFS  TPK:  -1.5  -1.5 dBFS
[Parsed_ebur128_0 @ 0x142616440] t: 45.499979  TARGET:-23 LUFS    M: -22.0 S: -23.2     I: -17.6 LUFS       LRA:   6.1 LU  FTPK: -16.6 -17.7 dBFS  TPK:  -1.5  -1.5 dBFS
[Parsed_ebur128_0 @ 0x142616440] t: 45.599979  TARGET:-23 LUFS    M: -21.4 S: -23.2     I: -17.6 LUFS       LRA:   6.1 LU  FTPK: -14.8 -15.1 dBFS  TPK:  -1.5  -1.5 dBFS
[Parsed_ebur128_0 @ 0x142616440] t: 45.699979  TARGET:-23 LUFS    M: -21.9 S: -23.2     I: -17.6 LUFS       LRA:   6.1 LU  FTPK: -15.5 -15.8 dBFS  TPK:  -1.5  -1.5 dBFS
[Parsed_ebur128_0 @ 0x142616440] t: 45.799979  TARGET:-23 LUFS    M: -23.2 S: -23.2     I: -17.6 LUFS       LRA:   6.1 LU  FTPK: -17.2 -17.3 dBFS  TPK:  -1.5  -1.5 dBFS
[Parsed_ebur128_0 @ 0x142616440] t: 45.899979  TARGET:-23 LUFS    M: -22.9 S: -23.2     I: -17.6 LUFS       LRA:   6.1 LU  FTPK: -13.5 -13.3 dBFS  TPK:  -1.5  -1.5 dBFS
[Parsed_ebur128_0 @ 0x142616440] t: 45.999979  TARGET:-23 LUFS    M: -22.0 S: -23.1     I: -17.6 LUFS       LRA:   6.1 LU  FTPK: -14.1 -14.1 dBFS  TPK:  -1.5  -1.5 dBFS
[Parsed_ebur128_0 @ 0x142616440] t: 46.099979  TARGET:-23 LUFS    M: -21.7 S: -22.9     I: -17.6 LUFS       LRA:   6.1 LU  FTPK: -16.0 -15.9 dBFS  TPK:  -1.5  -1.5 dBFS
[Parsed_ebur128_0 @ 0x142616440] t: 46.199979  TARGET:-23 LUFS    M: -21.4 S: -22.9     I: -17.6 LUFS       LRA:   6.1 LU  FTPK: -16.6 -16.6 dBFS  TPK:  -1.5  -1.5 dBFS
[Parsed_ebur128_0 @ 0x142616440] t: 46.299979  TARGET:-23 LUFS    M: -21.2 S: -22.8     I: -17.6 LUFS       LRA:   6.2 LU  FTPK: -16.8 -16.8 dBFS  TPK:  -1.5  -1.5 dBFS
[Parsed_ebur128_0 @ 0x142616440] t: 46.399979  TARGET:-23 LUFS    M: -22.3 S: -22.9     I: -17.7 LUFS       LRA:   6.2 LU  FTPK: -17.7 -18.0 dBFS  TPK:  -1.5  -1.5 dBFS
[Parsed_ebur128_0 @ 0x142616440] t: 46.499979  TARGET:-23 LUFS    M: -21.3 S: -22.6     I: -17.7 LUFS       LRA:   6.2 LU  FTPK:  -9.4  -9.4 dBFS  TPK:  -1.5  -1.5 dBFS
[Parsed_ebur128_0 @ 0x142616440] t: 46.599979  TARGET:-23 LUFS    M: -16.2 S: -21.1     I: -17.7 LUFS       LRA:   6.2 LU  FTPK:  -2.9  -3.0 dBFS  TPK:  -1.5  -1.5 dBFS
[Parsed_ebur128_0 @ 0x142616440] t: 46.699979  TARGET:-23 LUFS    M: -13.1 S: -19.5     I: -17.6 LUFS       LRA:   6.2 LU  FTPK:  -3.9  -3.9 dBFS  TPK:  -1.5  -1.5 dBFS
[Parsed_ebur128_0 @ 0x142616440] t: 46.799979  TARGET:-23 LUFS    M: -11.9 S: -18.8     I: -17.6 LUFS       LRA:   6.2 LU  FTPK:  -3.2  -3.2 dBFS  TPK:  -1.5  -1.5 dBFS
[Parsed_ebur128_0 @ 0x142616440] t: 46.899979  TARGET:-23 LUFS    M: -11.6 S: -18.5     I: -17.6 LUFS       LRA:   6.2 LU  FTPK:  -8.8  -8.8 dBFS  TPK:  -1.5  -1.5 dBFS
[Parsed_ebur128_0 @ 0x142616440] t: 46.999979  TARGET:-23 LUFS    M: -12.7 S: -18.4     I: -17.6 LUFS       LRA:   6.2 LU  FTPK:  -8.7  -8.6 dBFS  TPK:  -1.5  -1.5 dBFS
[Parsed_ebur128_0 @ 0x142616440] t: 47.099979  TARGET:-23 LUFS    M: -14.5 S: -18.2     I: -17.5 LUFS       LRA:   6.2 LU  FTPK: -10.1 -10.1 dBFS  TPK:  -1.5  -1.5 dBFS
[Parsed_ebur128_0 @ 0x142616440] t: 47.199979  TARGET:-23 LUFS    M: -17.1 S: -18.2     I: -17.5 LUFS       LRA:   6.2 LU  FTPK: -14.1 -13.4 dBFS  TPK:  -1.5  -1.5 dBFS
[Parsed_ebur128_0 @ 0x142616440] t: 47.299979  TARGET:-23 LUFS    M: -18.8 S: -18.2     I: -17.5 LUFS       LRA:   6.2 LU  FTPK: -19.0 -19.4 dBFS  TPK:  -1.5  -1.5 dBFS
[Parsed_ebur128_0 @ 0x142616440] t: 47.399979  TARGET:-23 LUFS    M: -19.5 S: -18.2     I: -17.6 LUFS       LRA:   6.2 LU  FTPK: -18.0 -17.4 dBFS  TPK:  -1.5  -1.5 dBFS
[Parsed_ebur128_0 @ 0x142616440] t: 47.499979  TARGET:-23 LUFS    M: -25.1 S: -18.2     I: -17.6 LUFS       LRA:   6.2 LU  FTPK: -18.4 -17.8 dBFS  TPK:  -1.5  -1.5 dBFS
[Parsed_ebur128_0 @ 0x142616440] t: 47.599979  TARGET:-23 LUFS    M: -15.9 S: -17.4     I: -17.6 LUFS       LRA:   6.2 LU  FTPK:  -1.8  -1.8 dBFS  TPK:  -1.5  -1.5 dBFS
[Parsed_ebur128_0 @ 0x142616440] t: 47.699979  TARGET:-23 LUFS    M: -14.5 S: -17.1     I: -17.5 LUFS       LRA:   6.2 LU  FTPK:  -4.9  -4.9 dBFS  TPK:  -1.5  -1.5 dBFS
[Parsed_ebur128_0 @ 0x142616440] t: 47.799979  TARGET:-23 LUFS    M: -13.2 S: -16.8     I: -17.5 LUFS       LRA:   6.2 LU  FTPK:  -4.9  -4.9 dBFS  TPK:  -1.5  -1.5 dBFS
[Parsed_ebur128_0 @ 0x142616440] t: 47.899979  TARGET:-23 LUFS    M: -12.6 S: -16.6     I: -17.5 LUFS       LRA:   6.2 LU  FTPK:  -5.6  -5.6 dBFS  TPK:  -1.5  -1.5 dBFS
[Parsed_ebur128_0 @ 0x142616440] t: 47.999979  TARGET:-23 LUFS    M: -14.5 S: -16.5     I: -17.5 LUFS       LRA:   6.1 LU  FTPK: -12.0 -12.0 dBFS  TPK:  -1.5  -1.5 dBFS
[Parsed_ebur128_0 @ 0x142616440] t: 48.099979  TARGET:-23 LUFS    M: -14.4 S: -16.3     I: -17.5 LUFS       LRA:   6.1 LU  FTPK:  -5.4  -5.4 dBFS  TPK:  -1.5  -1.5 dBFS
[Parsed_ebur128_0 @ 0x142616440] t: 48.199979  TARGET:-23 LUFS    M: -14.4 S: -16.0     I: -17.5 LUFS       LRA:   6.1 LU  FTPK:  -6.7  -6.7 dBFS  TPK:  -1.5  -1.5 dBFS
[Parsed_ebur128_0 @ 0x142616440] t: 48.299979  TARGET:-23 LUFS    M: -13.4 S: -15.6     I: -17.5 LUFS       LRA:   6.1 LU  FTPK:  -6.2  -6.1 dBFS  TPK:  -1.5  -1.5 dBFS
[Parsed_ebur128_0 @ 0x142616440] t: 48.399979  TARGET:-23 LUFS    M: -13.4 S: -15.6     I: -17.5 LUFS       LRA:   6.1 LU  FTPK:  -6.4  -6.5 dBFS  TPK:  -1.5  -1.5 dBFS
[Parsed_ebur128_0 @ 0x142616440] t: 48.499979  TARGET:-23 LUFS    M: -13.5 S: -15.4     I: -17.4 LUFS       LRA:   6.1 LU  FTPK:  -5.3  -5.3 dBFS  TPK:  -1.5  -1.5 dBFS
[Parsed_ebur128_0 @ 0x142616440] t: 48.599979  TARGET:-23 LUFS    M: -13.7 S: -15.2     I: -17.4 LUFS       LRA:   6.1 LU  FTPK:  -4.4  -4.4 dBFS  TPK:  -1.5  -1.5 dBFS
[Parsed_ebur128_0 @ 0x142616440] t: 48.699979  TARGET:-23 LUFS    M: -15.8 S: -15.2     I: -17.4 LUFS       LRA:   6.2 LU  FTPK: -11.7 -11.9 dBFS  TPK:  -1.5  -1.5 dBFS
[Parsed_ebur128_0 @ 0x142616440] t: 48.799979  TARGET:-23 LUFS    M: -15.2 S: -15.1     I: -17.4 LUFS       LRA:   6.2 LU  FTPK:  -7.2  -7.2 dBFS  TPK:  -1.5  -1.5 dBFS
[Parsed_ebur128_0 @ 0x142616440] t: 48.899979  TARGET:-23 LUFS    M: -16.8 S: -15.1     I: -17.4 LUFS       LRA:   6.2 LU  FTPK: -11.7 -11.7 dBFS  TPK:  -1.5  -1.5 dBFS
[Parsed_ebur128_0 @ 0x142616440] t: 48.999979  TARGET:-23 LUFS    M: -18.9 S: -15.1     I: -17.4 LUFS       LRA:   6.2 LU  FTPK: -13.3 -13.7 dBFS  TPK:  -1.5  -1.5 dBFS
[Parsed_ebur128_0 @ 0x142616440] t: 49.099979  TARGET:-23 LUFS    M: -19.4 S: -15.1     I: -17.4 LUFS       LRA:   6.2 LU  FTPK: -22.3 -22.6 dBFS  TPK:  -1.5  -1.5 dBFS
[Parsed_ebur128_0 @ 0x142616440] t: 49.199979  TARGET:-23 LUFS    M: -23.5 S: -15.2     I: -17.4 LUFS       LRA:   6.2 LU  FTPK: -22.2 -21.3 dBFS  TPK:  -1.5  -1.5 dBFS
[Parsed_ebur128_0 @ 0x142616440] t: 49.299979  TARGET:-23 LUFS    M: -24.4 S: -15.2     I: -17.4 LUFS       LRA:   6.3 LU  FTPK: -22.4 -22.3 dBFS  TPK:  -1.5  -1.5 dBFS
[Parsed_ebur128_0 @ 0x142616440] t: 49.399979  TARGET:-23 LUFS    M: -28.5 S: -15.2     I: -17.4 LUFS       LRA:   6.2 LU  FTPK: -22.7 -22.1 dBFS  TPK:  -1.5  -1.5 dBFS
[Parsed_ebur128_0 @ 0x142616440] t: 49.499979  TARGET:-23 LUFS    M: -26.9 S: -15.2     I: -17.4 LUFS       LRA:   6.3 LU  FTPK: -17.7 -18.1 dBFS  TPK:  -1.5  -1.5 dBFS
[Parsed_ebur128_0 @ 0x142616440] t: 49.599979  TARGET:-23 LUFS    M: -25.1 S: -15.6     I: -17.5 LUFS       LRA:   6.3 LU  FTPK: -14.4 -14.6 dBFS  TPK:  -1.5  -1.5 dBFS
[Parsed_ebur128_0 @ 0x142616440] t: 49.699979  TARGET:-23 LUFS    M: -24.0 S: -16.1     I: -17.5 LUFS       LRA:   6.3 LU  FTPK: -14.6 -14.9 dBFS  TPK:  -1.5  -1.5 dBFS
[Parsed_ebur128_0 @ 0x142616440] t: 49.799979  TARGET:-23 LUFS    M: -23.4 S: -16.5     I: -17.5 LUFS       LRA:   6.3 LU  FTPK: -16.6 -17.2 dBFS  TPK:  -1.5  -1.5 dBFS
[Parsed_ebur128_0 @ 0x142616440] t: 49.899979  TARGET:-23 LUFS    M: -23.5 S: -16.7     I: -17.5 LUFS       LRA:   6.3 LU  FTPK: -18.6 -17.5 dBFS  TPK:  -1.5  -1.5 dBFS
[Parsed_ebur128_0 @ 0x142616440] t: 49.999979  TARGET:-23 LUFS    M: -24.4 S: -16.8     I: -17.5 LUFS       LRA:   6.2 LU  FTPK: -19.4 -19.8 dBFS  TPK:  -1.5  -1.5 dBFS
[Parsed_ebur128_0 @ 0x142616440] t: 50.099979  TARGET:-23 LUFS    M: -25.6 S: -17.0     I: -17.5 LUFS       LRA:   6.2 LU  FTPK: -21.0 -21.2 dBFS  TPK:  -1.5  -1.5 dBFS
[Parsed_ebur128_0 @ 0x142616440] t: 50.199979  TARGET:-23 LUFS    M: -25.9 S: -17.0     I: -17.5 LUFS       LRA:   6.2 LU  FTPK: -13.5 -13.5 dBFS  TPK:  -1.5  -1.5 dBFS
[Parsed_ebur128_0 @ 0x142616440] t: 50.299979  TARGET:-23 LUFS    M: -24.2 S: -17.0     I: -17.5 LUFS       LRA:   6.2 LU  FTPK: -13.6 -14.0 dBFS  TPK:  -1.5  -1.5 dBFS
[Parsed_ebur128_0 @ 0x142616440] t: 50.399979  TARGET:-23 LUFS    M: -23.5 S: -16.9     I: -17.5 LUFS       LRA:   6.2 LU  FTPK: -16.5 -15.7 dBFS  TPK:  -1.5  -1.5 dBFS
[Parsed_ebur128_0 @ 0x142616440] t: 50.499979  TARGET:-23 LUFS    M: -22.7 S: -16.9     I: -17.5 LUFS       LRA:   6.2 LU  FTPK: -16.3 -16.7 dBFS  TPK:  -1.5  -1.5 dBFS
[Parsed_ebur128_0 @ 0x142616440] t: 50.599979  TARGET:-23 LUFS    M: -22.3 S: -17.6     I: -17.5 LUFS       LRA:   6.2 LU  FTPK: -16.7 -16.0 dBFS  TPK:  -1.5  -1.5 dBFS
[Parsed_ebur128_0 @ 0x142616440] t: 50.699979  TARGET:-23 LUFS    M: -23.4 S: -18.0     I: -17.5 LUFS       LRA:   6.2 LU  FTPK: -17.4 -17.1 dBFS  TPK:  -1.5  -1.5 dBFS
[Parsed_ebur128_0 @ 0x142616440] t: 50.799979  TARGET:-23 LUFS    M: -23.3 S: -18.4     I: -17.5 LUFS       LRA:   6.2 LU  FTPK: -13.8 -12.7 dBFS  TPK:  -1.5  -1.5 dBFS
[Parsed_ebur128_0 @ 0x142616440] t: 50.899979  TARGET:-23 LUFS    M: -22.1 S: -18.6     I: -17.5 LUFS       LRA:   6.2 LU  FTPK: -13.2 -12.9 dBFS  TPK:  -1.5  -1.5 dBFS
[Parsed_ebur128_0 @ 0x142616440] t: 50.999979  TARGET:-23 LUFS    M: -21.5 S: -18.7     I: -17.5 LUFS       LRA:   6.2 LU  FTPK: -15.3 -14.4 dBFS  TPK:  -1.5  -1.5 dBFS
[Parsed_ebur128_0 @ 0x142616440] t: 51.099979  TARGET:-23 LUFS    M: -21.0 S: -19.2     I: -17.5 LUFS       LRA:   6.2 LU  FTPK: -15.9 -15.9 dBFS  TPK:  -1.5  -1.5 dBFS
[Parsed_ebur128_0 @ 0x142616440] t: 51.199979  TARGET:-23 LUFS    M: -21.0 S: -19.7     I: -17.6 LUFS       LRA:   6.2 LU  FTPK: -15.4 -15.6 dBFS  TPK:  -1.5  -1.5 dBFS
[Parsed_ebur128_0 @ 0x142616440] t: 51.299979  TARGET:-23 LUFS    M: -21.9 S: -20.7     I: -17.6 LUFS       LRA:   6.2 LU  FTPK: -17.8 -17.6 dBFS  TPK:  -1.5  -1.5 dBFS
[Parsed_ebur128_0 @ 0x142616440] t: 51.399979  TARGET:-23 LUFS    M: -22.4 S: -20.9     I: -17.6 LUFS       LRA:   6.2 LU  FTPK: -17.9 -17.9 dBFS  TPK:  -1.5  -1.5 dBFS
[Parsed_ebur128_0 @ 0x142616440] t: 51.499979  TARGET:-23 LUFS    M: -21.6 S: -21.5     I: -17.6 LUFS       LRA:   6.2 LU  FTPK: -11.9 -11.8 dBFS  TPK:  -1.5  -1.5 dBFS
[Parsed_ebur128_0 @ 0x142616440] t: 51.599979  TARGET:-23 LUFS    M: -21.7 S: -22.3     I: -17.6 LUFS       LRA:   6.2 LU  FTPK: -15.8 -16.8 dBFS  TPK:  -1.5  -1.5 dBFS
[Parsed_ebur128_0 @ 0x142616440] t: 51.699979  TARGET:-23 LUFS    M: -21.9 S: -22.4     I: -17.6 LUFS       LRA:   6.2 LU  FTPK: -16.6 -16.9 dBFS  TPK:  -1.5  -1.5 dBFS
[Parsed_ebur128_0 @ 0x142616440] t: 51.799979  TARGET:-23 LUFS    M: -22.4 S: -23.1     I: -17.6 LUFS       LRA:   6.3 LU  FTPK: -16.8 -17.1 dBFS  TPK:  -1.5  -1.5 dBFS
[Parsed_ebur128_0 @ 0x142616440] t: 51.899979  TARGET:-23 LUFS    M: -24.3 S: -23.1     I: -17.6 LUFS       LRA:   6.3 LU  FTPK: -16.5 -16.7 dBFS  TPK:  -1.5  -1.5 dBFS
[Parsed_ebur128_0 @ 0x142616440] t: 51.999979  TARGET:-23 LUFS    M: -24.5 S: -23.3     I: -17.6 LUFS       LRA:   6.4 LU  FTPK: -16.4 -17.0 dBFS  TPK:  -1.5  -1.5 dBFS
[Parsed_ebur128_0 @ 0x142616440] t: 52.099979  TARGET:-23 LUFS    M: -22.8 S: -23.1     I: -17.6 LUFS       LRA:   6.4 LU  FTPK: -13.5 -13.5 dBFS  TPK:  -1.5  -1.5 dBFS
[Parsed_ebur128_0 @ 0x142616440] t: 52.199979  TARGET:-23 LUFS    M: -21.8 S: -22.9     I: -17.6 LUFS       LRA:   6.4 LU  FTPK: -15.1 -15.4 dBFS  TPK:  -1.5  -1.5 dBFS
[Parsed_ebur128_0 @ 0x142616440] t: 52.299979  TARGET:-23 LUFS    M: -21.5 S: -22.8     I: -17.6 LUFS       LRA:   6.5 LU  FTPK: -17.0 -17.3 dBFS  TPK:  -1.5  -1.5 dBFS
[Parsed_ebur128_0 @ 0x142616440] t: 52.399979  TARGET:-23 LUFS    M: -21.4 S: -22.7     I: -17.6 LUFS       LRA:   6.5 LU  FTPK: -15.6 -15.4 dBFS  TPK:  -1.5  -1.5 dBFS
[Parsed_ebur128_0 @ 0x142616440] t: 52.499979  TARGET:-23 LUFS    M: -22.5 S: -22.6     I: -17.6 LUFS       LRA:   6.6 LU  FTPK: -16.8 -17.0 dBFS  TPK:  -1.5  -1.5 dBFS
[Parsed_ebur128_0 @ 0x142616440] t: 52.599979  TARGET:-23 LUFS    M: -23.9 S: -22.7     I: -17.6 LUFS       LRA:   6.6 LU  FTPK: -17.9 -21.4 dBFS  TPK:  -1.5  -1.5 dBFS
[Parsed_ebur128_0 @ 0x142616440] t: 52.699979  TARGET:-23 LUFS    M: -23.6 S: -22.7     I: -17.6 LUFS       LRA:   6.7 LU  FTPK: -14.0 -14.1 dBFS  TPK:  -1.5  -1.5 dBFS
[Parsed_ebur128_0 @ 0x142616440] t: 52.799979  TARGET:-23 LUFS    M: -19.1 S: -21.9     I: -17.6 LUFS       LRA:   6.7 LU  FTPK:  -5.9  -5.9 dBFS  TPK:  -1.5  -1.5 dBFS
[Parsed_ebur128_0 @ 0x142616440] t: 52.899979  TARGET:-23 LUFS    M: -15.6 S: -20.7     I: -17.6 LUFS       LRA:   6.7 LU  FTPK:  -5.4  -5.3 dBFS  TPK:  -1.5  -1.5 dBFS
[Parsed_ebur128_0 @ 0x142616440] t: 52.999979  TARGET:-23 LUFS    M: -14.3 S: -20.1     I: -17.6 LUFS       LRA:   6.7 LU  FTPK:  -8.8  -8.5 dBFS  TPK:  -1.5  -1.5 dBFS
[Parsed_ebur128_0 @ 0x142616440] t: 53.099979  TARGET:-23 LUFS    M: -14.0 S: -19.9     I: -17.6 LUFS       LRA:   6.7 LU  FTPK: -11.3 -11.3 dBFS  TPK:  -1.5  -1.5 dBFS
[Parsed_ebur128_0 @ 0x142616440] t: 53.199979  TARGET:-23 LUFS    M: -14.5 S: -19.6     I: -17.6 LUFS       LRA:   6.7 LU  FTPK: -10.7 -10.8 dBFS  TPK:  -1.5  -1.5 dBFS
[Parsed_ebur128_0 @ 0x142616440] t: 53.299979  TARGET:-23 LUFS    M: -15.0 S: -19.2     I: -17.6 LUFS       LRA:   6.7 LU  FTPK:  -8.7  -8.7 dBFS  TPK:  -1.5  -1.5 dBFS
[Parsed_ebur128_0 @ 0x142616440] t: 53.399979  TARGET:-23 LUFS    M: -14.7 S: -18.6     I: -17.6 LUFS       LRA:   6.6 LU  FTPK:  -5.7  -5.7 dBFS  TPK:  -1.5  -1.5 dBFS
[Parsed_ebur128_0 @ 0x142616440] t: 53.499979  TARGET:-23 LUFS    M: -14.0 S: -18.3     I: -17.6 LUFS       LRA:   6.6 LU  FTPK:  -7.5  -7.5 dBFS  TPK:  -1.5  -1.5 dBFS
[Parsed_ebur128_0 @ 0x142616440] t: 53.599979  TARGET:-23 LUFS    M: -14.1 S: -18.2     I: -17.6 LUFS       LRA:   6.6 LU  FTPK: -10.1 -10.2 dBFS  TPK:  -1.5  -1.5 dBFS
[Parsed_ebur128_0 @ 0x142616440] t: 53.699979  TARGET:-23 LUFS    M: -14.4 S: -17.9     I: -17.6 LUFS       LRA:   6.6 LU  FTPK:  -8.4  -8.3 dBFS  TPK:  -1.5  -1.5 dBFS
[Parsed_ebur128_0 @ 0x142616440] t: 53.799979  TARGET:-23 LUFS    M: -15.5 S: -17.7     I: -17.6 LUFS       LRA:   6.6 LU  FTPK: -11.4 -11.5 dBFS  TPK:  -1.5  -1.5 dBFS
[Parsed_ebur128_0 @ 0x142616440] t: 53.899979  TARGET:-23 LUFS    M: -15.7 S: -17.6     I: -17.6 LUFS       LRA:   6.6 LU  FTPK:  -5.2  -5.1 dBFS  TPK:  -1.5  -1.5 dBFS
[Parsed_ebur128_0 @ 0x142616440] t: 53.999979  TARGET:-23 LUFS    M: -15.8 S: -17.5     I: -17.6 LUFS       LRA:   6.6 LU  FTPK:  -8.6  -8.6 dBFS  TPK:  -1.5  -1.5 dBFS
[Parsed_ebur128_0 @ 0x142616440] t: 54.099979  TARGET:-23 LUFS    M: -17.3 S: -17.5     I: -17.6 LUFS       LRA:   6.6 LU  FTPK: -13.9 -14.0 dBFS  TPK:  -1.5  -1.5 dBFS
[Parsed_ebur128_0 @ 0x142616440] t: 54.199979  TARGET:-23 LUFS    M: -18.3 S: -17.5     I: -17.6 LUFS       LRA:   6.6 LU  FTPK: -14.3 -14.6 dBFS  TPK:  -1.5  -1.5 dBFS
[Parsed_ebur128_0 @ 0x142616440] t: 54.299979  TARGET:-23 LUFS    M: -21.5 S: -17.5     I: -17.6 LUFS       LRA:   6.6 LU  FTPK: -20.5 -20.1 dBFS  TPK:  -1.5  -1.5 dBFS
[Parsed_ebur128_0 @ 0x142616440] t: 54.399979  TARGET:-23 LUFS    M: -24.1 S: -17.5     I: -17.6 LUFS       LRA:   6.6 LU  FTPK: -14.2 -14.0 dBFS  TPK:  -1.5  -1.5 dBFS
[Parsed_ebur128_0 @ 0x142616440] t: 54.499979  TARGET:-23 LUFS    M: -24.9 S: -17.6     I: -17.6 LUFS       LRA:   6.6 LU  FTPK: -16.2 -16.6 dBFS  TPK:  -1.5  -1.5 dBFS
[Parsed_ebur128_0 @ 0x142616440] t: 54.599979  TARGET:-23 LUFS    M: -17.3 S: -17.1     I: -17.6 LUFS       LRA:   6.6 LU  FTPK:  -1.6  -1.7 dBFS  TPK:  -1.5  -1.5 dBFS
[Parsed_ebur128_0 @ 0x142616440] t: 54.699979  TARGET:-23 LUFS    M: -14.1 S: -16.6     I: -17.6 LUFS       LRA:   6.6 LU  FTPK:  -4.0  -4.0 dBFS  TPK:  -1.5  -1.5 dBFS
[Parsed_ebur128_0 @ 0x142616440] t: 54.799979  TARGET:-23 LUFS    M: -13.6 S: -16.5     I: -17.5 LUFS       LRA:   6.6 LU  FTPK:  -7.0  -7.0 dBFS  TPK:  -1.5  -1.5 dBFS
[Parsed_ebur128_0 @ 0x142616440] t: 54.899979  TARGET:-23 LUFS    M: -12.6 S: -16.2     I: -17.5 LUFS       LRA:   6.6 LU  FTPK:  -6.8  -6.8 dBFS  TPK:  -1.5  -1.5 dBFS
[Parsed_ebur128_0 @ 0x142616440] t: 54.999979  TARGET:-23 LUFS    M: -13.1 S: -16.0     I: -17.5 LUFS       LRA:   6.6 LU  FTPK:  -4.7  -4.7 dBFS  TPK:  -1.5  -1.5 dBFS
[Parsed_ebur128_0 @ 0x142616440] t: 55.099979  TARGET:-23 LUFS    M: -13.0 S: -15.5     I: -17.5 LUFS       LRA:   6.6 LU  FTPK:  -1.6  -1.7 dBFS  TPK:  -1.5  -1.5 dBFS
[Parsed_ebur128_0 @ 0x142616440] t: 55.199979  TARGET:-23 LUFS    M: -12.9 S: -15.4     I: -17.5 LUFS       LRA:   6.6 LU  FTPK:  -8.8  -8.8 dBFS  TPK:  -1.5  -1.5 dBFS
[Parsed_ebur128_0 @ 0x142616440] t: 55.299979  TARGET:-23 LUFS    M: -13.2 S: -15.3     I: -17.5 LUFS       LRA:   6.6 LU  FTPK:  -2.4  -2.4 dBFS  TPK:  -1.5  -1.5 dBFS
[Parsed_ebur128_0 @ 0x142616440] t: 55.399979  TARGET:-23 LUFS    M: -14.1 S: -15.3     I: -17.5 LUFS       LRA:   6.6 LU  FTPK: -11.9 -12.0 dBFS  TPK:  -1.5  -1.5 dBFS
[Parsed_ebur128_0 @ 0x142616440] t: 55.499979  TARGET:-23 LUFS    M: -16.9 S: -15.2     I: -17.5 LUFS       LRA:   6.6 LU  FTPK:  -9.2  -9.2 dBFS  TPK:  -1.5  -1.5 dBFS
[Parsed_ebur128_0 @ 0x142616440] t: 55.599979  TARGET:-23 LUFS    M: -18.8 S: -15.3     I: -17.5 LUFS       LRA:   6.6 LU  FTPK: -15.8 -15.7 dBFS  TPK:  -1.5  -1.5 dBFS
[Parsed_ebur128_0 @ 0x142616440] t: 55.699979  TARGET:-23 LUFS    M: -23.0 S: -15.3     I: -17.5 LUFS       LRA:   6.6 LU  FTPK: -22.7 -22.2 dBFS  TPK:  -1.5  -1.5 dBFS
[Parsed_ebur128_0 @ 0x142616440] t: 55.799979  TARGET:-23 LUFS    M: -23.8 S: -15.5     I: -17.5 LUFS       LRA:   6.6 LU  FTPK: -20.4 -20.8 dBFS  TPK:  -1.5  -1.5 dBFS
[Parsed_ebur128_0 @ 0x142616440] t: 55.899979  TARGET:-23 LUFS    M: -24.6 S: -15.7     I: -17.5 LUFS       LRA:   6.6 LU  FTPK: -10.3 -10.6 dBFS  TPK:  -1.5  -1.5 dBFS
[Parsed_ebur128_0 @ 0x142616440] t: 55.999979  TARGET:-23 LUFS    M: -22.7 S: -15.9     I: -17.5 LUFS       LRA:   6.6 LU  FTPK: -14.4 -14.2 dBFS  TPK:  -1.5  -1.5 dBFS
[Parsed_ebur128_0 @ 0x142616440] t: 56.099979  TARGET:-23 LUFS    M: -21.5 S: -16.0     I: -17.5 LUFS       LRA:   6.6 LU  FTPK: -16.5 -16.4 dBFS  TPK:  -1.5  -1.5 dBFS
[Parsed_ebur128_0 @ 0x142616440] t: 56.199979  TARGET:-23 LUFS    M: -20.9 S: -16.1     I: -17.5 LUFS       LRA:   6.6 LU  FTPK: -17.2 -16.8 dBFS  TPK:  -1.5  -1.5 dBFS
[Parsed_ebur128_0 @ 0x142616440] t: 56.299979  TARGET:-23 LUFS    M: -21.5 S: -16.3     I: -17.5 LUFS       LRA:   6.6 LU  FTPK: -17.4 -17.5 dBFS  TPK:  -1.5  -1.5 dBFS
[Parsed_ebur128_0 @ 0x142616440] t: 56.399979  TARGET:-23 LUFS    M: -22.5 S: -16.6     I: -17.5 LUFS       LRA:   6.5 LU  FTPK: -19.0 -19.7 dBFS  TPK:  -1.5  -1.5 dBFS
[Parsed_ebur128_0 @ 0x142616440] t: 56.499979  TARGET:-23 LUFS    M: -23.6 S: -16.8     I: -17.5 LUFS       LRA:   6.5 LU  FTPK: -20.1 -20.9 dBFS  TPK:  -1.5  -1.5 dBFS
[Parsed_ebur128_0 @ 0x142616440] t: 56.599979  TARGET:-23 LUFS    M: -24.8 S: -17.0     I: -17.5 LUFS       LRA:   6.5 LU  FTPK: -21.9 -21.9 dBFS  TPK:  -1.5  -1.5 dBFS
[Parsed_ebur128_0 @ 0x142616440] t: 56.699979  TARGET:-23 LUFS    M: -26.0 S: -17.2     I: -17.5 LUFS       LRA:   6.5 LU  FTPK: -23.1 -23.3 dBFS  TPK:  -1.5  -1.5 dBFS
[Parsed_ebur128_0 @ 0x142616440] t: 56.799979  TARGET:-23 LUFS    M: -27.2 S: -17.4     I: -17.5 LUFS       LRA:   6.5 LU  FTPK: -23.7 -24.2 dBFS  TPK:  -1.5  -1.5 dBFS
[Parsed_ebur128_0 @ 0x142616440] t: 56.899979  TARGET:-23 LUFS    M: -28.2 S: -17.6     I: -17.5 LUFS       LRA:   6.5 LU  FTPK: -24.7 -24.8 dBFS  TPK:  -1.5  -1.5 dBFS
[Parsed_ebur128_0 @ 0x142616440] t: 56.999979  TARGET:-23 LUFS    M: -28.9 S: -17.8     I: -17.5 LUFS       LRA:   6.5 LU  FTPK: -24.8 -25.2 dBFS  TPK:  -1.5  -1.5 dBFS
[Parsed_ebur128_0 @ 0x142616440] t: 57.099979  TARGET:-23 LUFS    M: -29.3 S: -17.8     I: -17.5 LUFS       LRA:   6.5 LU  FTPK: -24.8 -25.4 dBFS  TPK:  -1.5  -1.5 dBFS
[Parsed_ebur128_0 @ 0x142616440] t: 57.199979  TARGET:-23 LUFS    M: -29.5 S: -17.8     I: -17.5 LUFS       LRA:   6.5 LU  FTPK: -24.1 -24.4 dBFS  TPK:  -1.5  -1.5 dBFS
[Parsed_ebur128_0 @ 0x142616440] t: 57.299979  TARGET:-23 LUFS    M: -29.6 S: -17.8     I: -17.5 LUFS       LRA:   6.5 LU  FTPK: -24.9 -25.5 dBFS  TPK:  -1.5  -1.5 dBFS
[Parsed_ebur128_0 @ 0x142616440] t: 57.399979  TARGET:-23 LUFS    M: -29.9 S: -17.9     I: -17.5 LUFS       LRA:   6.4 LU  FTPK: -25.8 -26.3 dBFS  TPK:  -1.5  -1.5 dBFS
[Parsed_ebur128_0 @ 0x142616440] t: 57.499979  TARGET:-23 LUFS    M: -30.5 S: -17.9     I: -17.5 LUFS       LRA:   6.4 LU  FTPK: -27.0 -27.6 dBFS  TPK:  -1.5  -1.5 dBFS
[Parsed_ebur128_0 @ 0x142616440] t: 57.599979  TARGET:-23 LUFS    M: -31.5 S: -18.5     I: -17.5 LUFS       LRA:   6.4 LU  FTPK: -27.9 -28.8 dBFS  TPK:  -1.5  -1.5 dBFS
[Parsed_ebur128_0 @ 0x142616440] t: 57.699979  TARGET:-23 LUFS    M: -32.5 S: -19.4     I: -17.5 LUFS       LRA:   6.4 LU  FTPK: -29.0 -29.7 dBFS  TPK:  -1.5  -1.5 dBFS
[Parsed_ebur128_0 @ 0x142616440] t: 57.799979  TARGET:-23 LUFS    M: -33.3 S: -19.7     I: -17.5 LUFS       LRA:   6.4 LU  FTPK: -29.3 -29.9 dBFS  TPK:  -1.5  -1.5 dBFS
[Parsed_ebur128_0 @ 0x142616440] t: 57.899979  TARGET:-23 LUFS    M: -34.1 S: -20.4     I: -17.5 LUFS       LRA:   6.4 LU  FTPK: -30.1 -30.5 dBFS  TPK:  -1.5  -1.5 dBFS
[Parsed_ebur128_0 @ 0x142616440] t: 57.999979  TARGET:-23 LUFS    M: -34.7 S: -21.2     I: -17.5 LUFS       LRA:   6.4 LU  FTPK: -30.8 -31.6 dBFS  TPK:  -1.5  -1.5 dBFS
[Parsed_ebur128_0 @ 0x142616440] t: 58.099979  TARGET:-23 LUFS    M: -35.4 S: -23.2     I: -17.5 LUFS       LRA:   6.5 LU  FTPK: -31.6 -32.4 dBFS  TPK:  -1.5  -1.5 dBFS
[Parsed_ebur128_0 @ 0x142616440] t: 58.199979  TARGET:-23 LUFS    M: -36.3 S: -24.2     I: -17.5 LUFS       LRA:   6.6 LU  FTPK: -32.0 -32.6 dBFS  TPK:  -1.5  -1.5 dBFS
[Parsed_ebur128_0 @ 0x142616440] t: 58.299979  TARGET:-23 LUFS    M: -37.1 S: -25.7     I: -17.5 LUFS       LRA:   6.6 LU  FTPK: -32.6 -33.5 dBFS  TPK:  -1.5  -1.5 dBFS
[Parsed_ebur128_0 @ 0x142616440] t: 58.399979  TARGET:-23 LUFS    M: -37.7 S: -26.0     I: -17.5 LUFS       LRA:   6.6 LU  FTPK: -33.1 -33.8 dBFS  TPK:  -1.5  -1.5 dBFS
[Parsed_ebur128_0 @ 0x142616440] t: 58.499979  TARGET:-23 LUFS    M: -38.4 S: -26.8     I: -17.5 LUFS       LRA:   6.6 LU  FTPK: -34.2 -35.0 dBFS  TPK:  -1.5  -1.5 dBFS
[Parsed_ebur128_0 @ 0x142616440] t: 58.599979  TARGET:-23 LUFS    M: -39.0 S: -26.9     I: -17.5 LUFS       LRA:   6.7 LU  FTPK: -34.5 -35.0 dBFS  TPK:  -1.5  -1.5 dBFS
[Parsed_ebur128_0 @ 0x142616440] t: 58.699979  TARGET:-23 LUFS    M: -39.6 S: -27.0     I: -17.5 LUFS       LRA:   6.7 LU  FTPK: -34.7 -35.3 dBFS  TPK:  -1.5  -1.5 dBFS
[Parsed_ebur128_0 @ 0x142616440] t: 58.799979  TARGET:-23 LUFS    M: -40.2 S: -27.1     I: -17.5 LUFS       LRA:   6.8 LU  FTPK: -35.3 -36.2 dBFS  TPK:  -1.5  -1.5 dBFS
[Parsed_ebur128_0 @ 0x142616440] t: 58.899979  TARGET:-23 LUFS    M: -40.7 S: -27.8     I: -17.5 LUFS       LRA:   6.8 LU  FTPK: -35.6 -36.5 dBFS  TPK:  -1.5  -1.5 dBFS
[Parsed_ebur128_0 @ 0x142616440] t: 58.999979  TARGET:-23 LUFS    M: -41.4 S: -28.7     I: -17.5 LUFS       LRA:   6.8 LU  FTPK: -36.9 -38.8 dBFS  TPK:  -1.5  -1.5 dBFS
[Parsed_ebur128_0 @ 0x142616440] t: 59.099979  TARGET:-23 LUFS    M: -42.3 S: -29.7     I: -17.5 LUFS       LRA:   6.8 LU  FTPK: -37.9 -40.2 dBFS  TPK:  -1.5  -1.5 dBFS
[Parsed_ebur128_0 @ 0x142616440] t: 59.199979  TARGET:-23 LUFS    M: -43.4 S: -30.6     I: -17.5 LUFS       LRA:   6.8 LU  FTPK: -39.3 -41.2 dBFS  TPK:  -1.5  -1.5 dBFS
[Parsed_ebur128_0 @ 0x142616440] t: 59.299979  TARGET:-23 LUFS    M: -44.8 S: -31.5     I: -17.5 LUFS       LRA:   6.8 LU  FTPK: -40.9 -42.9 dBFS  TPK:  -1.5  -1.5 dBFS
[Parsed_ebur128_0 @ 0x142616440] t: 59.399979  TARGET:-23 LUFS    M: -46.3 S: -32.3     I: -17.5 LUFS       LRA:   6.8 LU  FTPK: -42.4 -44.3 dBFS  TPK:  -1.5  -1.5 dBFS
[Parsed_ebur128_0 @ 0x142616440] t: 59.499979  TARGET:-23 LUFS    M: -47.8 S: -33.1     I: -17.5 LUFS       LRA:   6.8 LU  FTPK: -44.6 -46.4 dBFS  TPK:  -1.5  -1.5 dBFS
[Parsed_ebur128_0 @ 0x142616440] t: 59.599979  TARGET:-23 LUFS    M: -49.5 S: -33.7     I: -17.5 LUFS       LRA:   6.9 LU  FTPK: -46.5 -48.0 dBFS  TPK:  -1.5  -1.5 dBFS
[Parsed_ebur128_0 @ 0x142616440] t: 59.699979  TARGET:-23 LUFS    M: -51.4 S: -34.2     I: -17.5 LUFS       LRA:   6.9 LU  FTPK: -48.3 -50.7 dBFS  TPK:  -1.5  -1.5 dBFS
[Parsed_ebur128_0 @ 0x142616440] t: 59.799979  TARGET:-23 LUFS    M: -53.5 S: -34.8     I: -17.5 LUFS       LRA:   7.0 LU  FTPK: -51.3 -53.4 dBFS  TPK:  -1.5  -1.5 dBFS
[Parsed_ebur128_0 @ 0x142616440] t: 59.899979  TARGET:-23 LUFS    M: -56.0 S: -35.3     I: -17.5 LUFS       LRA:   7.0 LU  FTPK: -55.6 -56.9 dBFS  TPK:  -1.5  -1.5 dBFS
[Parsed_ebur128_0 @ 0x142616440] t: 59.999979  TARGET:-23 LUFS    M: -59.2 S: -35.9     I: -17.5 LUFS       LRA:   7.0 LU  FTPK:  -inf  -inf dBFS  TPK:  -1.5  -1.5 dBFS
[Parsed_ebur128_0 @ 0x142616440] Summary:

  Integrated loudness:
    I:         -17.5 LUFS
    Threshold: -27.8 LUFS

  Loudness range:
    LRA:         7.0 LU
    Threshold: -37.7 LUFS
    LRA low:   -22.3 LUFS
    LRA high:  -15.3 LUFS

  True peak:
    Peak:       -1.5 dBFS
[out#0/null @ 0x1226040b0] video:619KiB audio:11252KiB subtitle:0KiB other streams:0KiB global headers:0KiB muxing overhead: unknown
frame= 1440 fps=0.0 q=-0.0 Lsize=N/A time=00:01:00.00 bitrate=N/A speed=88.1x    
